-- MySQL dump 10.13  Distrib 8.0.30, for Linux (x86_64)
--
-- Host: localhost    Database: ebaydb
-- ------------------------------------------------------
-- Server version	8.0.30-0ubuntu0.20.04.2

/*!40101 SET @OLD_CHARACTER_SET_CLIENT=@@CHARACTER_SET_CLIENT */;
/*!40101 SET @OLD_CHARACTER_SET_RESULTS=@@CHARACTER_SET_RESULTS */;
/*!40101 SET @OLD_COLLATION_CONNECTION=@@COLLATION_CONNECTION */;
/*!50503 SET NAMES utf8mb4 */;
/*!40103 SET @OLD_TIME_ZONE=@@TIME_ZONE */;
/*!40103 SET TIME_ZONE='+00:00' */;
/*!40014 SET @OLD_UNIQUE_CHECKS=@@UNIQUE_CHECKS, UNIQUE_CHECKS=0 */;
/*!40014 SET @OLD_FOREIGN_KEY_CHECKS=@@FOREIGN_KEY_CHECKS, FOREIGN_KEY_CHECKS=0 */;
/*!40101 SET @OLD_SQL_MODE=@@SQL_MODE, SQL_MODE='NO_AUTO_VALUE_ON_ZERO' */;
/*!40111 SET @OLD_SQL_NOTES=@@SQL_NOTES, SQL_NOTES=0 */;

--
-- Table structure for table `auth_group`
--

DROP TABLE IF EXISTS `auth_group`;
/*!40101 SET @saved_cs_client     = @@character_set_client */;
/*!50503 SET character_set_client = utf8mb4 */;
CREATE TABLE `auth_group` (
  `id` int NOT NULL AUTO_INCREMENT,
  `name` varchar(150) NOT NULL,
  PRIMARY KEY (`id`),
  UNIQUE KEY `name` (`name`)
) ENGINE=InnoDB DEFAULT CHARSET=utf8mb4 COLLATE=utf8mb4_0900_ai_ci;
/*!40101 SET character_set_client = @saved_cs_client */;

--
-- Dumping data for table `auth_group`
--

LOCK TABLES `auth_group` WRITE;
/*!40000 ALTER TABLE `auth_group` DISABLE KEYS */;
/*!40000 ALTER TABLE `auth_group` ENABLE KEYS */;
UNLOCK TABLES;

--
-- Table structure for table `auth_group_permissions`
--

DROP TABLE IF EXISTS `auth_group_permissions`;
/*!40101 SET @saved_cs_client     = @@character_set_client */;
/*!50503 SET character_set_client = utf8mb4 */;
CREATE TABLE `auth_group_permissions` (
  `id` bigint NOT NULL AUTO_INCREMENT,
  `group_id` int NOT NULL,
  `permission_id` int NOT NULL,
  PRIMARY KEY (`id`),
  UNIQUE KEY `auth_group_permissions_group_id_permission_id_0cd325b0_uniq` (`group_id`,`permission_id`),
  KEY `auth_group_permissio_permission_id_84c5c92e_fk_auth_perm` (`permission_id`),
  CONSTRAINT `auth_group_permissio_permission_id_84c5c92e_fk_auth_perm` FOREIGN KEY (`permission_id`) REFERENCES `auth_permission` (`id`),
  CONSTRAINT `auth_group_permissions_group_id_b120cbf9_fk_auth_group_id` FOREIGN KEY (`group_id`) REFERENCES `auth_group` (`id`)
) ENGINE=InnoDB DEFAULT CHARSET=utf8mb4 COLLATE=utf8mb4_0900_ai_ci;
/*!40101 SET character_set_client = @saved_cs_client */;

--
-- Dumping data for table `auth_group_permissions`
--

LOCK TABLES `auth_group_permissions` WRITE;
/*!40000 ALTER TABLE `auth_group_permissions` DISABLE KEYS */;
/*!40000 ALTER TABLE `auth_group_permissions` ENABLE KEYS */;
UNLOCK TABLES;

--
-- Table structure for table `auth_permission`
--

DROP TABLE IF EXISTS `auth_permission`;
/*!40101 SET @saved_cs_client     = @@character_set_client */;
/*!50503 SET character_set_client = utf8mb4 */;
CREATE TABLE `auth_permission` (
  `id` int NOT NULL AUTO_INCREMENT,
  `name` varchar(255) NOT NULL,
  `content_type_id` int NOT NULL,
  `codename` varchar(100) NOT NULL,
  PRIMARY KEY (`id`),
  UNIQUE KEY `auth_permission_content_type_id_codename_01ab375a_uniq` (`content_type_id`,`codename`),
  CONSTRAINT `auth_permission_content_type_id_2f476e4b_fk_django_co` FOREIGN KEY (`content_type_id`) REFERENCES `django_content_type` (`id`)
) ENGINE=InnoDB AUTO_INCREMENT=105 DEFAULT CHARSET=utf8mb4 COLLATE=utf8mb4_0900_ai_ci;
/*!40101 SET character_set_client = @saved_cs_client */;

--
-- Dumping data for table `auth_permission`
--

LOCK TABLES `auth_permission` WRITE;
/*!40000 ALTER TABLE `auth_permission` DISABLE KEYS */;
INSERT INTO `auth_permission` VALUES (1,'Can add log entry',1,'add_logentry'),(2,'Can change log entry',1,'change_logentry'),(3,'Can delete log entry',1,'delete_logentry'),(4,'Can view log entry',1,'view_logentry'),(5,'Can add permission',2,'add_permission'),(6,'Can change permission',2,'change_permission'),(7,'Can delete permission',2,'delete_permission'),(8,'Can view permission',2,'view_permission'),(9,'Can add group',3,'add_group'),(10,'Can change group',3,'change_group'),(11,'Can delete group',3,'delete_group'),(12,'Can view group',3,'view_group'),(13,'Can add user',4,'add_user'),(14,'Can change user',4,'change_user'),(15,'Can delete user',4,'delete_user'),(16,'Can view user',4,'view_user'),(17,'Can add content type',5,'add_contenttype'),(18,'Can change content type',5,'change_contenttype'),(19,'Can delete content type',5,'delete_contenttype'),(20,'Can view content type',5,'view_contenttype'),(21,'Can add session',6,'add_session'),(22,'Can change session',6,'change_session'),(23,'Can delete session',6,'delete_session'),(24,'Can view session',6,'view_session'),(25,'Can add auction',7,'add_auction'),(26,'Can change auction',7,'change_auction'),(27,'Can delete auction',7,'delete_auction'),(28,'Can view auction',7,'view_auction'),(29,'Can add brand',8,'add_brand'),(30,'Can change brand',8,'change_brand'),(31,'Can delete brand',8,'delete_brand'),(32,'Can view brand',8,'view_brand'),(33,'Can add category',9,'add_category'),(34,'Can change category',9,'change_category'),(35,'Can delete category',9,'delete_category'),(36,'Can view category',9,'view_category'),(37,'Can add customer',10,'add_customer'),(38,'Can change customer',10,'change_customer'),(39,'Can delete customer',10,'delete_customer'),(40,'Can view customer',10,'view_customer'),(41,'Can add deliveryman',11,'add_deliveryman'),(42,'Can change deliveryman',11,'change_deliveryman'),(43,'Can delete deliveryman',11,'delete_deliveryman'),(44,'Can view deliveryman',11,'view_deliveryman'),(45,'Can add hub',12,'add_hub'),(46,'Can change hub',12,'change_hub'),(47,'Can delete hub',12,'delete_hub'),(48,'Can view hub',12,'view_hub'),(49,'Can add order',13,'add_order'),(50,'Can change order',13,'change_order'),(51,'Can delete order',13,'delete_order'),(52,'Can view order',13,'view_order'),(53,'Can add order_ status',14,'add_order_status'),(54,'Can change order_ status',14,'change_order_status'),(55,'Can delete order_ status',14,'delete_order_status'),(56,'Can view order_ status',14,'view_order_status'),(57,'Can add transaction',15,'add_transaction'),(58,'Can change transaction',15,'change_transaction'),(59,'Can delete transaction',15,'delete_transaction'),(60,'Can view transaction',15,'view_transaction'),(61,'Can add user type',16,'add_usertype'),(62,'Can change user type',16,'change_usertype'),(63,'Can delete user type',16,'delete_usertype'),(64,'Can view user type',16,'view_usertype'),(65,'Can add user',17,'add_user'),(66,'Can change user',17,'change_user'),(67,'Can delete user',17,'delete_user'),(68,'Can view user',17,'view_user'),(69,'Can add seller',18,'add_seller'),(70,'Can change seller',18,'change_seller'),(71,'Can delete seller',18,'delete_seller'),(72,'Can view seller',18,'view_seller'),(73,'Can add return',19,'add_return'),(74,'Can change return',19,'change_return'),(75,'Can delete return',19,'delete_return'),(76,'Can view return',19,'view_return'),(77,'Can add product',20,'add_product'),(78,'Can change product',20,'change_product'),(79,'Can delete product',20,'delete_product'),(80,'Can view product',20,'view_product'),(81,'Can add order_ set',21,'add_order_set'),(82,'Can change order_ set',21,'change_order_set'),(83,'Can delete order_ set',21,'delete_order_set'),(84,'Can view order_ set',21,'view_order_set'),(85,'Can add inventory',22,'add_inventory'),(86,'Can change inventory',22,'change_inventory'),(87,'Can delete inventory',22,'delete_inventory'),(88,'Can view inventory',22,'view_inventory'),(89,'Can add hubman',23,'add_hubman'),(90,'Can change hubman',23,'change_hubman'),(91,'Can delete hubman',23,'delete_hubman'),(92,'Can view hubman',23,'view_hubman'),(93,'Can add bid',24,'add_bid'),(94,'Can change bid',24,'change_bid'),(95,'Can delete bid',24,'delete_bid'),(96,'Can view bid',24,'view_bid'),(97,'Can add auction_ order',25,'add_auction_order'),(98,'Can change auction_ order',25,'change_auction_order'),(99,'Can delete auction_ order',25,'delete_auction_order'),(100,'Can view auction_ order',25,'view_auction_order'),(101,'Can add package item',26,'add_packageitem'),(102,'Can change package item',26,'change_packageitem'),(103,'Can delete package item',26,'delete_packageitem'),(104,'Can view package item',26,'view_packageitem');
/*!40000 ALTER TABLE `auth_permission` ENABLE KEYS */;
UNLOCK TABLES;

--
-- Table structure for table `auth_user`
--

DROP TABLE IF EXISTS `auth_user`;
/*!40101 SET @saved_cs_client     = @@character_set_client */;
/*!50503 SET character_set_client = utf8mb4 */;
CREATE TABLE `auth_user` (
  `id` int NOT NULL AUTO_INCREMENT,
  `password` varchar(128) NOT NULL,
  `last_login` datetime(6) DEFAULT NULL,
  `is_superuser` tinyint(1) NOT NULL,
  `username` varchar(150) NOT NULL,
  `first_name` varchar(150) NOT NULL,
  `last_name` varchar(150) NOT NULL,
  `email` varchar(254) NOT NULL,
  `is_staff` tinyint(1) NOT NULL,
  `is_active` tinyint(1) NOT NULL,
  `date_joined` datetime(6) NOT NULL,
  PRIMARY KEY (`id`),
  UNIQUE KEY `username` (`username`)
) ENGINE=InnoDB AUTO_INCREMENT=2 DEFAULT CHARSET=utf8mb4 COLLATE=utf8mb4_0900_ai_ci;
/*!40101 SET character_set_client = @saved_cs_client */;

--
-- Dumping data for table `auth_user`
--

LOCK TABLES `auth_user` WRITE;
/*!40000 ALTER TABLE `auth_user` DISABLE KEYS */;
INSERT INTO `auth_user` VALUES (1,'pbkdf2_sha256$320000$iXUdD5BfihRlUilcjKM06D$/GUO+8KVfNAYrYs8Q7THkBzsL6YyhsmlPgpy71Qh6yI=','2022-08-29 06:48:15.995937',1,'user','','','',1,1,'2022-07-18 08:27:21.778415');
/*!40000 ALTER TABLE `auth_user` ENABLE KEYS */;
UNLOCK TABLES;

--
-- Table structure for table `auth_user_groups`
--

DROP TABLE IF EXISTS `auth_user_groups`;
/*!40101 SET @saved_cs_client     = @@character_set_client */;
/*!50503 SET character_set_client = utf8mb4 */;
CREATE TABLE `auth_user_groups` (
  `id` bigint NOT NULL AUTO_INCREMENT,
  `user_id` int NOT NULL,
  `group_id` int NOT NULL,
  PRIMARY KEY (`id`),
  UNIQUE KEY `auth_user_groups_user_id_group_id_94350c0c_uniq` (`user_id`,`group_id`),
  KEY `auth_user_groups_group_id_97559544_fk_auth_group_id` (`group_id`),
  CONSTRAINT `auth_user_groups_group_id_97559544_fk_auth_group_id` FOREIGN KEY (`group_id`) REFERENCES `auth_group` (`id`),
  CONSTRAINT `auth_user_groups_user_id_6a12ed8b_fk_auth_user_id` FOREIGN KEY (`user_id`) REFERENCES `auth_user` (`id`)
) ENGINE=InnoDB DEFAULT CHARSET=utf8mb4 COLLATE=utf8mb4_0900_ai_ci;
/*!40101 SET character_set_client = @saved_cs_client */;

--
-- Dumping data for table `auth_user_groups`
--

LOCK TABLES `auth_user_groups` WRITE;
/*!40000 ALTER TABLE `auth_user_groups` DISABLE KEYS */;
/*!40000 ALTER TABLE `auth_user_groups` ENABLE KEYS */;
UNLOCK TABLES;

--
-- Table structure for table `auth_user_user_permissions`
--

DROP TABLE IF EXISTS `auth_user_user_permissions`;
/*!40101 SET @saved_cs_client     = @@character_set_client */;
/*!50503 SET character_set_client = utf8mb4 */;
CREATE TABLE `auth_user_user_permissions` (
  `id` bigint NOT NULL AUTO_INCREMENT,
  `user_id` int NOT NULL,
  `permission_id` int NOT NULL,
  PRIMARY KEY (`id`),
  UNIQUE KEY `auth_user_user_permissions_user_id_permission_id_14a6b632_uniq` (`user_id`,`permission_id`),
  KEY `auth_user_user_permi_permission_id_1fbb5f2c_fk_auth_perm` (`permission_id`),
  CONSTRAINT `auth_user_user_permi_permission_id_1fbb5f2c_fk_auth_perm` FOREIGN KEY (`permission_id`) REFERENCES `auth_permission` (`id`),
  CONSTRAINT `auth_user_user_permissions_user_id_a95ead1b_fk_auth_user_id` FOREIGN KEY (`user_id`) REFERENCES `auth_user` (`id`)
) ENGINE=InnoDB DEFAULT CHARSET=utf8mb4 COLLATE=utf8mb4_0900_ai_ci;
/*!40101 SET character_set_client = @saved_cs_client */;

--
-- Dumping data for table `auth_user_user_permissions`
--

LOCK TABLES `auth_user_user_permissions` WRITE;
/*!40000 ALTER TABLE `auth_user_user_permissions` DISABLE KEYS */;
/*!40000 ALTER TABLE `auth_user_user_permissions` ENABLE KEYS */;
UNLOCK TABLES;

--
-- Table structure for table `django_admin_log`
--

DROP TABLE IF EXISTS `django_admin_log`;
/*!40101 SET @saved_cs_client     = @@character_set_client */;
/*!50503 SET character_set_client = utf8mb4 */;
CREATE TABLE `django_admin_log` (
  `id` int NOT NULL AUTO_INCREMENT,
  `action_time` datetime(6) NOT NULL,
  `object_id` longtext,
  `object_repr` varchar(200) NOT NULL,
  `action_flag` smallint unsigned NOT NULL,
  `change_message` longtext NOT NULL,
  `content_type_id` int DEFAULT NULL,
  `user_id` int NOT NULL,
  PRIMARY KEY (`id`),
  KEY `django_admin_log_content_type_id_c4bce8eb_fk_django_co` (`content_type_id`),
  KEY `django_admin_log_user_id_c564eba6_fk_auth_user_id` (`user_id`),
  CONSTRAINT `django_admin_log_content_type_id_c4bce8eb_fk_django_co` FOREIGN KEY (`content_type_id`) REFERENCES `django_content_type` (`id`),
  CONSTRAINT `django_admin_log_user_id_c564eba6_fk_auth_user_id` FOREIGN KEY (`user_id`) REFERENCES `auth_user` (`id`),
  CONSTRAINT `django_admin_log_chk_1` CHECK ((`action_flag` >= 0))
) ENGINE=InnoDB AUTO_INCREMENT=1302 DEFAULT CHARSET=utf8mb4 COLLATE=utf8mb4_0900_ai_ci;
/*!40101 SET character_set_client = @saved_cs_client */;

--
-- Dumping data for table `django_admin_log`
--

LOCK TABLES `django_admin_log` WRITE;
/*!40000 ALTER TABLE `django_admin_log` DISABLE KEYS */;
INSERT INTO `django_admin_log` VALUES (1,'2022-07-18 08:27:48.336896','1','Hub object (1)',1,'[{\"added\": {}}]',12,1),(2,'2022-07-26 14:02:45.658684','1','customer',1,'[{\"added\": {}}]',16,1),(3,'2022-07-26 14:02:49.620736','2','employee',1,'[{\"added\": {}}]',16,1),(4,'2022-07-26 14:02:55.458475','3','deliveryman',1,'[{\"added\": {}}]',16,1),(5,'2022-07-26 14:03:15.399160','alice','customer | alice',1,'[{\"added\": {}}]',17,1),(6,'2022-07-27 08:35:42.911321','4','seller',1,'[{\"added\": {}}]',16,1),(7,'2022-07-27 08:53:06.602666','2','Hub object (2)',1,'[{\"added\": {}}]',12,1),(8,'2022-07-27 09:04:41.538034','1','ASUS',1,'[{\"added\": {}}]',8,1),(9,'2022-07-27 09:04:44.548151','2','HP',1,'[{\"added\": {}}]',8,1),(10,'2022-07-27 09:05:06.021425','1','Monitor',1,'[{\"added\": {}}]',9,1),(11,'2022-07-27 09:05:10.160514','2','Mouse',1,'[{\"added\": {}}]',9,1),(12,'2022-07-27 09:05:14.872682','3','Keyboard',1,'[{\"added\": {}}]',9,1),(13,'2022-07-27 09:06:12.711840','1','Asus VQ27W1B',1,'[{\"added\": {}}]',20,1),(14,'2022-07-27 09:06:42.062519','2','HP Hero',1,'[{\"added\": {}}]',20,1),(15,'2022-07-27 09:38:51.130319','1','Hub object (1)',2,'[{\"changed\": {\"fields\": [\"Address\"]}}]',12,1),(16,'2022-07-27 09:38:54.887490','2','Hub object (2)',2,'[{\"changed\": {\"fields\": [\"Address\"]}}]',12,1),(17,'2022-07-27 09:38:57.707836','1','Hub object (1)',2,'[]',12,1),(18,'2022-07-27 09:43:23.366893','Zahin Islam','seller | Zahin Islam',3,'',17,1),(19,'2022-07-27 09:43:52.282320','1','Nasif | abc | 20',1,'[{\"added\": {}}]',22,1),(20,'2022-07-27 09:44:02.407712','2','Nasif | abc | 33',1,'[{\"added\": {}}]',22,1),(21,'2022-07-27 09:44:11.077794','2','Nasif | abc | 33',2,'[]',22,1),(22,'2022-07-27 11:49:47.387474','alice','customer | alice',3,'',17,1),(23,'2022-07-27 11:49:52.903223','irshad','customer | irshad',2,'[]',17,1),(24,'2022-07-27 11:49:58.174452','1','irshad | 123',2,'[]',10,1),(25,'2022-07-27 13:59:01.151795','1','irshad | 123',2,'[{\"changed\": {\"fields\": [\"Wallet\"]}}]',10,1),(26,'2022-07-27 14:08:23.449222','1','In shop',1,'[{\"added\": {}}]',14,1),(27,'2022-07-27 14:10:22.794551','1','Kamal | DK 22001',1,'[{\"added\": {}}]',11,1),(28,'2022-07-27 14:35:08.340294','2','Delivered',1,'[{\"added\": {}}]',14,1),(29,'2022-08-07 15:26:34.380227','kamal','deliveryman | kamal',1,'[{\"added\": {}}]',17,1),(30,'2022-08-07 15:27:00.482915','Kamal','deliveryman | Kamal',2,'[{\"changed\": {\"fields\": [\"Username\", \"Password\"]}}]',17,1),(31,'2022-08-07 15:30:13.804572','Kamal','deliveryman | Kamal',2,'[{\"changed\": {\"fields\": [\"Username\"]}}]',17,1),(32,'2022-08-07 15:30:24.030425','Kamal','deliveryman | Kamal',2,'[{\"changed\": {\"fields\": [\"Username\"]}}]',17,1),(33,'2022-08-07 15:30:32.849501','kamal','deliveryman | kamal',2,'[{\"changed\": {\"fields\": [\"Password\"]}}]',17,1),(34,'2022-08-07 15:30:43.828856','1','kamal | DK 22001',2,'[{\"changed\": {\"fields\": [\"Name\"]}}]',11,1),(35,'2022-08-13 13:58:31.586371','1','kamal | DK 22001',2,'[{\"changed\": {\"fields\": [\"Phone\"]}}]',11,1),(36,'2022-08-13 13:58:45.250608','401','deliveryman | 401',2,'[{\"changed\": {\"fields\": [\"Username\"]}}]',17,1),(37,'2022-08-13 13:59:08.536970','1','irshad | 101',2,'[{\"changed\": {\"fields\": [\"Phone\"]}}]',10,1),(38,'2022-08-13 13:59:32.557750','1','Nasif | abc',2,'[{\"changed\": {\"fields\": [\"Phone\"]}}]',18,1),(39,'2022-08-13 13:59:54.800427','101','customer | 101',2,'[{\"changed\": {\"fields\": [\"Username\"]}}]',17,1),(40,'2022-08-13 14:01:43.777327','201','seller | 201',2,'[{\"changed\": {\"fields\": [\"Username\"]}}]',17,1),(41,'2022-08-13 15:58:30.366685','401','deliveryman | 401',2,'[]',17,1),(42,'2022-08-13 16:17:43.328823','kamal','deliveryman | kamal',3,'',17,1),(43,'2022-08-13 16:17:50.487768','<script>alert(\"hello\")</script>','customer | <script>alert(\"hello\")</script>',3,'',17,1),(44,'2022-08-13 16:43:57.107682','1','Nasif | abc | Asus VQ27W1B | 1',2,'[{\"changed\": {\"fields\": [\"Status\"]}}]',13,1),(45,'2022-08-14 12:46:22.694099','Nasif','seller | Nasif',3,'',17,1),(46,'2022-08-15 04:44:44.848894','1','Nasif | abc',2,'[{\"changed\": {\"fields\": [\"Coord\"]}}]',18,1),(47,'2022-08-15 06:24:32.378335','3','GIGABYTE',1,'[{\"added\": {}}]',8,1),(48,'2022-08-15 06:24:36.489972','4','LOGITECH',1,'[{\"added\": {}}]',8,1),(49,'2022-08-15 06:24:47.258141','5','VIEWSONIC',1,'[{\"added\": {}}]',8,1),(50,'2022-08-15 06:25:23.835967','3','Gigabyte G24F',1,'[{\"added\": {}}]',20,1),(51,'2022-08-15 06:28:03.123349','4','Logitech G PRO',1,'[{\"added\": {}}]',20,1),(52,'2022-08-15 06:28:18.015061','3','Abrar | Abrar Electronics | 55',1,'[{\"added\": {}}]',22,1),(53,'2022-08-15 06:28:27.698292','4','Abrar | Abrar Electronics | 69',1,'[{\"added\": {}}]',22,1),(54,'2022-08-15 06:29:41.089305','2','Abrar | Abrar Electronics',2,'[{\"changed\": {\"fields\": [\"Coord\"]}}]',18,1),(55,'2022-08-15 09:07:13.050325','1','Nasif | abc | 7',2,'[{\"changed\": {\"fields\": [\"Inventory image\"]}}]',22,1),(56,'2022-08-15 09:21:10.612664','2','Nasif | abc | -2',2,'[{\"changed\": {\"fields\": [\"Inventory image\"]}}]',22,1),(57,'2022-08-15 09:21:34.102939','1','Nasif | abc | 7',2,'[{\"changed\": {\"fields\": [\"Inventory image\"]}}]',22,1),(58,'2022-08-15 09:22:13.376862','4','Abrar | Abrar Electronics | 67',2,'[{\"changed\": {\"fields\": [\"Inventory image\"]}}]',22,1),(59,'2022-08-15 09:22:51.375470','3','Abrar | Abrar Electronics | 53',2,'[{\"changed\": {\"fields\": [\"Inventory image\"]}}]',22,1),(60,'2022-08-15 09:23:28.077292','1','Nasif | abc | 7',2,'[{\"changed\": {\"fields\": [\"Inventory image\"]}}]',22,1),(61,'2022-08-15 09:55:11.436197','1','Nasif | abc | 4',2,'[{\"changed\": {\"fields\": [\"Inventory image\"]}}]',22,1),(62,'2022-08-15 09:55:20.928856','2','Nasif | abc | -3',2,'[{\"changed\": {\"fields\": [\"Inventory image\"]}}]',22,1),(63,'2022-08-15 09:55:29.622532','4','Abrar | Abrar Electronics | 67',2,'[]',22,1),(64,'2022-08-15 11:44:03.000507','3','Picked Up',1,'[{\"added\": {}}]',14,1),(65,'2022-08-15 11:44:24.700712','31','Abrar | Abrar Electronics | Logitech G PRO | 1',2,'[{\"changed\": {\"fields\": [\"Status\"]}}]',13,1),(66,'2022-08-15 11:44:52.287098','23','Nasif | abc | HP Hero | 1',2,'[{\"changed\": {\"fields\": [\"Status\"]}}]',13,1),(67,'2022-08-15 11:44:58.743711','28','Abrar | Abrar Electronics | Logitech G PRO | 1',2,'[{\"changed\": {\"fields\": [\"Status\"]}}]',13,1),(68,'2022-08-15 11:49:32.340730','6','Nasif | abc | Asus VQ27W1B | 3',2,'[{\"changed\": {\"fields\": [\"Status\"]}}]',13,1),(69,'2022-08-15 11:49:39.436880','1','Nasif | abc | Asus VQ27W1B | 1',2,'[{\"changed\": {\"fields\": [\"Status\"]}}]',13,1),(70,'2022-08-15 11:49:48.454396','10','Nasif | abc | HP Hero | 1',2,'[{\"changed\": {\"fields\": [\"Status\"]}}]',13,1),(71,'2022-08-15 11:50:44.905715','37','Abrar | Abrar Electronics | Gigabyte G24F | 2',2,'[{\"changed\": {\"fields\": [\"Status\"]}}]',13,1),(72,'2022-08-15 11:50:52.543308','36','Abrar | Abrar Electronics | Gigabyte G24F | 2',2,'[{\"changed\": {\"fields\": [\"Status\"]}}]',13,1),(73,'2022-08-15 11:53:05.521470','5','Nasif | abc | HP Hero | 4',2,'[{\"changed\": {\"fields\": [\"Status\"]}}]',13,1),(74,'2022-08-15 12:23:53.513979','3','Abrar | Abrar Electronics | 51',2,'[{\"changed\": {\"fields\": [\"Inventory image\"]}}]',22,1),(75,'2022-08-15 14:56:54.654364','3','Abrar | Abrar Electronics | 49',2,'[{\"changed\": {\"fields\": [\"Inventory image\"]}}]',22,1),(76,'2022-08-17 02:56:46.650470','1','Nasif | abc | 3',2,'[{\"changed\": {\"fields\": [\"Inventory image\"]}}]',22,1),(77,'2022-08-17 02:58:11.381870','1','Nasif | abc | 2',2,'[{\"changed\": {\"fields\": [\"Inventory image\"]}}]',22,1),(78,'2022-08-17 03:29:26.239673','5','Nasif | abc | HP Hero | 4',2,'[{\"changed\": {\"fields\": [\"Status\"]}}]',13,1),(79,'2022-08-17 03:42:29.070468','2','Picked Up-2',2,'[{\"changed\": {\"fields\": [\"Status\"]}}]',14,1),(80,'2022-08-17 03:42:35.219021','3','Delivered',2,'[{\"changed\": {\"fields\": [\"Status\"]}}]',14,1),(81,'2022-08-17 03:42:38.894223','2','Picked Up',2,'[{\"changed\": {\"fields\": [\"Status\"]}}]',14,1),(82,'2022-08-17 03:45:08.913072','3','Delivered-2',2,'[{\"changed\": {\"fields\": [\"Status\"]}}]',14,1),(83,'2022-08-17 03:45:14.950042','2','Picked Up-2',2,'[{\"changed\": {\"fields\": [\"Status\"]}}]',14,1),(84,'2022-08-17 03:45:18.170309','1','In shop-2',2,'[{\"changed\": {\"fields\": [\"Status\"]}}]',14,1),(85,'2022-08-17 03:45:25.348368','3','In Shop',2,'[{\"changed\": {\"fields\": [\"Status\"]}}]',14,1),(86,'2022-08-17 03:45:28.978984','2','Picked Up',2,'[{\"changed\": {\"fields\": [\"Status\"]}}]',14,1),(87,'2022-08-17 03:45:35.097565','1','Delivered',2,'[{\"changed\": {\"fields\": [\"Status\"]}}]',14,1),(88,'2022-08-17 03:47:42.756757','3','Delivered',2,'[{\"changed\": {\"fields\": [\"Status\"]}}]',14,1),(89,'2022-08-17 03:47:48.846682','1','In Shop',2,'[{\"changed\": {\"fields\": [\"Status\"]}}]',14,1),(90,'2022-08-18 01:26:36.440300','5','Rahim | Computer Fair',3,'',18,1),(91,'2022-08-18 01:26:54.884255','203','seller | 203',3,'',17,1),(92,'2022-08-18 01:33:12.229367','1','Nasif | abc | -5',2,'[{\"changed\": {\"fields\": [\"Inventory image\"]}}]',22,1),(93,'2022-08-18 01:33:15.474450','4','Abrar | Abrar Electronics | 67',2,'[{\"changed\": {\"fields\": [\"Inventory image\"]}}]',22,1),(94,'2022-08-18 01:33:28.639337','4','Abrar | Abrar Electronics | 67',2,'[{\"changed\": {\"fields\": [\"Inventory image\"]}}]',22,1),(95,'2022-08-18 01:33:32.853283','3','Abrar | Abrar Electronics | 49',2,'[{\"changed\": {\"fields\": [\"Inventory image\"]}}]',22,1),(96,'2022-08-18 01:33:43.195263','3','Abrar | Abrar Electronics | 49',2,'[{\"changed\": {\"fields\": [\"Inventory image\"]}}]',22,1),(97,'2022-08-18 01:33:47.358801','2','Nasif | abc | -7',2,'[{\"changed\": {\"fields\": [\"Inventory image\"]}}]',22,1),(98,'2022-08-18 01:33:54.210208','2','Nasif | abc | -7',2,'[{\"changed\": {\"fields\": [\"Inventory image\"]}}]',22,1),(99,'2022-08-18 01:34:05.942432','1','Nasif | abc | -5',2,'[{\"changed\": {\"fields\": [\"Inventory image\"]}}]',22,1),(100,'2022-08-18 02:41:26.179373','6','Optical Budget Mouse',3,'',20,1),(101,'2022-08-18 02:41:26.183493','5','Optical Budget Mouse',3,'',20,1),(102,'2022-08-18 02:54:39.135880','7','Optical Budget Mouse',3,'',20,1),(103,'2022-08-18 04:08:05.429965','7','বাংলা',1,'[{\"added\": {}}]',8,1),(104,'2022-08-18 04:08:45.702423','9','বাংলা অভিধান',1,'[{\"added\": {}}]',20,1),(105,'2022-08-18 04:09:42.111968','8','Shuvo | Spark Gear | 10',1,'[{\"added\": {}}]',22,1),(106,'2022-08-18 06:04:17.843117','4','<script>alert(\"hello\")</script> | 01706363005',3,'',10,1),(107,'2022-08-18 06:04:17.858538','3','<script>alert(\"h\")</script> | 21379183789',3,'',10,1),(108,'2022-08-18 06:04:17.862969','2','<script>alert(\"h\")</script> | 21379183789',3,'',10,1),(109,'2022-08-18 06:04:23.548638','1','irshad | 101',2,'[]',10,1),(110,'2022-08-18 06:10:24.284781','1','irshad | 101',2,'[{\"changed\": {\"fields\": [\"Mail\"]}}]',10,1),(111,'2022-08-18 06:37:12.330389','1','irshad | 101',2,'[{\"changed\": {\"fields\": [\"Wallet\"]}}]',10,1),(112,'2022-08-18 07:11:13.254001','5','Abrar Shahriare | 102',2,'[{\"changed\": {\"fields\": [\"Mail\"]}}]',10,1),(113,'2022-08-18 08:13:07.512163','1','irshad | 101',2,'[]',10,1),(114,'2022-08-18 08:39:35.984718','5','Abrar Shahriare | 102',2,'[{\"changed\": {\"fields\": [\"Mail\"]}}]',10,1),(115,'2022-08-18 08:48:02.661955','1','Nasif | abc | 80',2,'[{\"changed\": {\"fields\": [\"Quantity\"]}}]',22,1),(116,'2022-08-18 08:48:13.089723','2','Nasif | abc | 56',2,'[{\"changed\": {\"fields\": [\"Quantity\"]}}]',22,1),(117,'2022-08-18 09:44:51.732834','5','Abrar Shahriare | 102',2,'[{\"changed\": {\"fields\": [\"Mail\"]}}]',10,1),(118,'2022-08-18 09:44:57.702708','5','Abrar Shahriare | 102',2,'[{\"changed\": {\"fields\": [\"Wallet\"]}}]',10,1),(119,'2022-08-22 06:25:48.651158','5','Nasif | abc | 15',2,'[{\"changed\": {\"fields\": [\"Start time\"]}}]',7,1),(120,'2022-08-22 06:25:54.882410','3','Nasif | abc | 10',2,'[{\"changed\": {\"fields\": [\"Start time\"]}}]',7,1),(121,'2022-08-22 06:26:03.226913','1','Nasif | abc | 1',2,'[{\"changed\": {\"fields\": [\"Start time\"]}}]',7,1),(122,'2022-08-22 06:28:23.813505','5','Nasif | abc | 15',2,'[{\"changed\": {\"fields\": [\"Start time\", \"End time\"]}}]',7,1),(123,'2022-08-24 10:32:10.874654','4','In Hubnear',1,'[{\"added\": {}}]',14,1),(124,'2022-08-24 10:32:56.991925','4','In HubCustomer',2,'[{\"changed\": {\"fields\": [\"Status\"]}}]',14,1),(125,'2022-08-24 10:33:09.913999','5','In HubSeller',1,'[{\"added\": {}}]',14,1),(126,'2022-08-24 10:55:49.211193','301','employee | 301',1,'[{\"added\": {}}]',17,1),(127,'2022-08-24 10:59:46.454691','1','nazmul',1,'[{\"added\": {}}]',23,1),(128,'2022-08-24 11:11:26.314163','1','nazmul',2,'[{\"changed\": {\"fields\": [\"Hub\"]}}]',23,1),(129,'2022-08-24 13:03:25.603200','3','keyboard',2,'[{\"changed\": {\"fields\": [\"Name\"]}}]',9,1),(130,'2022-08-24 13:03:31.114949','2','mouse',2,'[{\"changed\": {\"fields\": [\"Name\"]}}]',9,1),(131,'2022-08-24 13:03:35.761925','1','monitor',2,'[{\"changed\": {\"fields\": [\"Name\"]}}]',9,1),(132,'2022-08-24 13:03:47.977488','4','17',3,'',9,1),(133,'2022-08-25 03:26:34.504086','12','Nasif | abc | 12000',3,'',7,1),(134,'2022-08-25 03:26:34.517499','11','Nasif | abc | 10000',3,'',7,1),(135,'2022-08-25 03:26:34.520059','10','Nasif | abc | 45621',3,'',7,1),(136,'2022-08-25 03:26:34.532753','9','Nasif | abc | 30000',3,'',7,1),(137,'2022-08-25 03:26:34.546195','7','Shuvo | Spark Gear | 10000',3,'',7,1),(138,'2022-08-25 03:26:34.559862','5','Nasif | abc | 40000',3,'',7,1),(139,'2022-08-25 03:26:34.573968','3','Nasif | abc | 1000',3,'',7,1),(140,'2022-08-25 03:26:34.577632','1','Nasif | abc | 5000',3,'',7,1),(141,'2022-08-25 04:59:08.443028','13','Nasif | abc | 32000',2,'[{\"changed\": {\"fields\": [\"Auction name\", \"Start time\", \"Bid\"]}}]',7,1),(142,'2022-08-25 05:00:28.816113','13','Nasif | abc | 32000',2,'[{\"changed\": {\"fields\": [\"End time\"]}}]',7,1),(143,'2022-08-25 05:13:15.959842','13','Nasif | abc | 32000',2,'[{\"changed\": {\"fields\": [\"Start time\", \"End time\"]}}]',7,1),(144,'2022-08-25 09:18:11.296821','15','Nasif | abc | 45000',2,'[{\"changed\": {\"fields\": [\"End time\"]}}]',7,1),(145,'2022-08-26 08:49:40.620655','2','Dhrubo | LA 34-3455',1,'[{\"added\": {}}]',11,1),(146,'2022-08-26 08:49:54.603504','302','deliveryman | 302',1,'[{\"added\": {}}]',17,1),(147,'2022-08-28 13:45:07.403235','1','kamal | Local | dhaka',2,'[{\"changed\": {\"fields\": [\"Current hub\", \"Designation\"]}}]',11,1),(148,'2022-08-28 13:45:27.605762','2','Dhrubo | Inter District | rajshahi',2,'[{\"changed\": {\"fields\": [\"Current hub\", \"Designation\", \"Phone\"]}}]',11,1),(149,'2022-08-28 13:45:40.052593','402','deliveryman | 402',2,'[{\"changed\": {\"fields\": [\"Username\"]}}]',17,1),(150,'2022-08-28 13:45:56.256186','110','seller | 110',3,'',17,1),(151,'2022-08-28 13:46:14.438935','302','deliveryman | 302',3,'',17,1),(152,'2022-08-28 13:46:55.863560','3','zahin | Local | rajshahi',1,'[{\"added\": {}}]',11,1),(153,'2022-08-28 13:47:33.161857','4','Mofiz | Inter District | dhaka',1,'[{\"added\": {}}]',11,1),(154,'2022-08-28 13:47:47.413147','403','deliveryman | 403',1,'[{\"added\": {}}]',17,1),(155,'2022-08-28 13:47:59.393788','404','deliveryman | 404',1,'[{\"added\": {}}]',17,1),(156,'2022-08-28 13:48:35.606410','5','In HubSeller',3,'',14,1),(157,'2022-08-28 13:48:35.615389','4','In HubCustomer',3,'',14,1),(158,'2022-08-28 13:48:48.092625','6','In Hub2',1,'[{\"added\": {}}]',14,1),(159,'2022-08-28 13:48:53.341282','7','In Hub',1,'[{\"added\": {}}]',14,1),(160,'2022-08-28 13:49:47.556850','8','Out To Delivery',1,'[{\"added\": {}}]',14,1),(161,'2022-08-28 13:50:00.243208','9','On Highway',1,'[{\"added\": {}}]',14,1),(162,'2022-08-28 13:51:14.531439','2','ghatak',1,'[{\"added\": {}}]',23,1),(163,'2022-08-28 13:51:43.239446','302','employee | 302',1,'[{\"added\": {}}]',17,1),(164,'2022-08-28 13:53:11.358782','108','Nasif | abc | rajshahi | HP Hero | 1 | Picked Up',2,'[{\"changed\": {\"fields\": [\"Deliveryman\"]}}]',13,1),(165,'2022-08-28 13:53:20.498403','107','Nasif | abc | rajshahi | Asus VQ27W1B | 1 | Picked Up',2,'[{\"changed\": {\"fields\": [\"Deliveryman\"]}}]',13,1),(166,'2022-08-28 16:37:21.931805','3','1211',3,'',12,1),(167,'2022-08-28 17:31:53.886877','106','Nasif | abc | rajshahi | Logitech M910 | 4 | In Shop',2,'[{\"changed\": {\"fields\": [\"Deliveryman\"]}}]',13,1),(168,'2022-08-28 17:32:02.320261','106','Nasif | abc | rajshahi | Logitech M910 | 12 | In Shop',2,'[{\"changed\": {\"fields\": [\"Quantity\"]}}]',13,1),(169,'2022-08-28 17:33:11.379702','106','Nasif | abc | rajshahi | Logitech M910 | 12 | Picked Up',2,'[{\"changed\": {\"fields\": [\"Status\"]}}]',13,1),(170,'2022-08-28 18:12:02.757559','6','nafiz | 103',2,'[{\"changed\": {\"fields\": [\"Delivery address hub\"]}}]',10,1),(171,'2022-08-28 18:12:11.268263','6','nafiz | 103',2,'[{\"changed\": {\"fields\": [\"Wallet\"]}}]',10,1),(172,'2022-08-28 19:11:29.448474','1','Nasif | Computer World | rajshahi',2,'[{\"changed\": {\"fields\": [\"Shop name\"]}}]',18,1),(173,'2022-08-28 20:45:45.314265','1','irshad | 101',2,'[{\"changed\": {\"fields\": [\"Coord\"]}}]',10,1),(174,'2022-08-28 20:52:57.211994','2','dhaka',2,'[{\"changed\": {\"fields\": [\"Coord\"]}}]',12,1),(175,'2022-08-28 20:53:39.930691','1','rajshahi',2,'[{\"changed\": {\"fields\": [\"Coord\"]}}]',12,1),(176,'2022-08-29 04:58:34.131874','111','Nasif | Computer World | rajshahi | Keychron Keyboard | 1 | Out To Delivery',2,'[{\"changed\": {\"fields\": [\"Status\", \"Deliveryman\"]}}]',13,1),(177,'2022-08-29 05:08:35.506886','68','irshad | 2022-08-28 | dhaka',3,'',21,1),(178,'2022-08-29 05:08:35.512034','66','irshad | 2022-08-28 | dhaka',3,'',21,1),(179,'2022-08-29 05:08:35.537380','63','irshad | 2022-08-28 | dhaka',3,'',21,1),(180,'2022-08-29 05:08:35.540576','62','irshad | 2022-08-26 | dhaka',3,'',21,1),(181,'2022-08-29 05:08:35.560518','61','irshad | 2022-08-25 | dhaka',3,'',21,1),(182,'2022-08-29 05:08:35.564491','60','irshad | 2022-08-25 | dhaka',3,'',21,1),(183,'2022-08-29 05:08:35.578968','59','irshad | 2022-08-25 | dhaka',3,'',21,1),(184,'2022-08-29 05:08:35.594042','58','irshad | 2022-08-25 | dhaka',3,'',21,1),(185,'2022-08-29 05:08:35.597864','57','irshad | 2022-08-25 | dhaka',3,'',21,1),(186,'2022-08-29 05:08:35.618093','56','irshad | 2022-08-25 | dhaka',3,'',21,1),(187,'2022-08-29 05:08:35.627852','55','irshad | 2022-08-25 | dhaka',3,'',21,1),(188,'2022-08-29 05:08:35.642244','54','irshad | 2022-08-25 | dhaka',3,'',21,1),(189,'2022-08-29 05:08:35.656781','53','irshad | 2022-08-25 | dhaka',3,'',21,1),(190,'2022-08-29 05:08:35.660506','52','irshad | 2022-08-25 | dhaka',3,'',21,1),(191,'2022-08-29 05:08:35.685893','51','irshad | 2022-08-25 | dhaka',3,'',21,1),(192,'2022-08-29 05:08:35.689269','50','irshad | 2022-08-25 | dhaka',3,'',21,1),(193,'2022-08-29 05:08:35.709210','49','irshad | 2022-08-25 | dhaka',3,'',21,1),(194,'2022-08-29 05:08:35.718009','48','irshad | 2022-08-25 | dhaka',3,'',21,1),(195,'2022-08-29 05:08:35.732492','47','irshad | 2022-08-25 | dhaka',3,'',21,1),(196,'2022-08-29 05:08:35.747022','46','irshad | 2022-08-25 | dhaka',3,'',21,1),(197,'2022-08-29 05:08:35.751170','45','irshad | 2022-08-24 | dhaka',3,'',21,1),(198,'2022-08-29 05:08:35.776962','44','irshad | 2022-08-24 | dhaka',3,'',21,1),(199,'2022-08-29 05:08:35.780553','43','irshad | 2022-08-18 | dhaka',3,'',21,1),(200,'2022-08-29 05:08:35.794853','42','irshad | 2022-08-18 | dhaka',3,'',21,1),(201,'2022-08-29 05:08:35.810365','41','irshad | 2022-08-28 | dhaka',3,'',21,1),(202,'2022-08-29 05:08:35.814500','38','irshad | 2022-08-18 | dhaka',3,'',21,1),(203,'2022-08-29 05:08:35.834948','37','irshad | 2022-08-18 | dhaka',3,'',21,1),(204,'2022-08-29 05:08:35.842911','36','irshad | 2022-08-18 | dhaka',3,'',21,1),(205,'2022-08-29 05:08:35.864223','35','irshad | 2022-08-18 | dhaka',3,'',21,1),(206,'2022-08-29 05:08:35.872658','34','irshad | 2022-08-18 | dhaka',3,'',21,1),(207,'2022-08-29 05:08:35.881706','33','irshad | 2022-08-18 | dhaka',3,'',21,1),(208,'2022-08-29 05:08:35.900623','32','irshad | 2022-08-18 | dhaka',3,'',21,1),(209,'2022-08-29 05:08:35.904572','31','irshad | 2022-08-18 | dhaka',3,'',21,1),(210,'2022-08-29 05:08:35.931517','30','irshad | 2022-08-18 | dhaka',3,'',21,1),(211,'2022-08-29 05:08:35.935828','29','irshad | 2022-08-18 | dhaka',3,'',21,1),(212,'2022-08-29 05:08:35.955677','28','irshad | 2022-08-17 | dhaka',3,'',21,1),(213,'2022-08-29 05:08:35.964991','27','irshad | 2022-08-17 | dhaka',3,'',21,1),(214,'2022-08-29 05:08:35.969011','26','irshad | 2022-08-17 | dhaka',3,'',21,1),(215,'2022-08-29 05:08:35.995258','25','irshad | 2022-08-17 | dhaka',3,'',21,1),(216,'2022-08-29 05:08:35.999861','24','irshad | 2022-08-17 | dhaka',3,'',21,1),(217,'2022-08-29 05:08:36.009987','23','irshad | 2022-08-15 | dhaka',3,'',21,1),(218,'2022-08-29 05:08:36.031194','22','irshad | 2022-08-15 | dhaka',3,'',21,1),(219,'2022-08-29 05:08:36.041148','21','irshad | 2022-08-15 | dhaka',3,'',21,1),(220,'2022-08-29 05:08:36.061985','20','irshad | 2022-08-15 | dhaka',3,'',21,1),(221,'2022-08-29 05:08:36.065787','19','irshad | 2022-08-15 | dhaka',3,'',21,1),(222,'2022-08-29 05:08:36.090429','18','irshad | 2022-08-15 | dhaka',3,'',21,1),(223,'2022-08-29 05:08:36.094480','17','irshad | 2022-08-15 | dhaka',3,'',21,1),(224,'2022-08-29 05:08:36.109003','16','irshad | 2022-08-15 | dhaka',3,'',21,1),(225,'2022-08-29 05:08:36.124463','15','irshad | 2022-08-14 | dhaka',3,'',21,1),(226,'2022-08-29 05:08:36.128371','14','irshad | 2022-08-14 | dhaka',3,'',21,1),(227,'2022-08-29 05:08:36.149156','13','irshad | 2022-08-14 | dhaka',3,'',21,1),(228,'2022-08-29 05:08:36.159435','12','irshad | 2022-08-14 | dhaka',3,'',21,1),(229,'2022-08-29 05:08:36.174282','11','irshad | 2022-08-14 | dhaka',3,'',21,1),(230,'2022-08-29 05:08:36.189353','10','irshad | 2022-08-14 | dhaka',3,'',21,1),(231,'2022-08-29 05:08:36.193162','9','irshad | 2022-08-13 | dhaka',3,'',21,1),(232,'2022-08-29 05:08:36.213686','8','irshad | 2022-08-13 | dhaka',3,'',21,1),(233,'2022-08-29 05:08:36.223518','7','irshad | 2022-08-13 | dhaka',3,'',21,1),(234,'2022-08-29 05:08:36.234560','6','irshad | 2022-08-13 | dhaka',3,'',21,1),(235,'2022-08-29 05:08:36.258767','5','irshad | 2022-07-28 | dhaka',3,'',21,1),(236,'2022-08-29 05:08:36.262967','4','irshad | 2022-07-27 | dhaka',3,'',21,1),(237,'2022-08-29 05:08:36.294780','3','irshad | 2022-07-27 | dhaka',3,'',21,1),(238,'2022-08-29 05:08:36.298992','2','irshad | 2022-07-27 | dhaka',3,'',21,1),(239,'2022-08-29 05:08:36.309530','1','irshad | 2022-07-27 | dhaka',3,'',21,1),(240,'2022-08-29 05:09:22.280455','67','Nasif | Computer World | rajshahi | HP Hero | 1 | In Shop',2,'[{\"changed\": {\"fields\": [\"Deliveryman\"]}}]',13,1),(241,'2022-08-29 05:09:44.819712','109','Shuvo | Spark Gear | dhaka | Optical Budget Mouse | 1 | In Shop',2,'[{\"changed\": {\"fields\": [\"Deliveryman\"]}}]',13,1),(242,'2022-08-29 05:09:51.372840','67','Nasif | Computer World | rajshahi | HP Hero | 1 | In Shop',2,'[]',13,1),(243,'2022-08-29 05:11:11.449985','2','Dhrubo | Inter District | rajshahi',2,'[{\"changed\": {\"fields\": [\"Current hub\"]}}]',11,1),(244,'2022-08-29 05:11:30.286384','109','Shuvo | Spark Gear | dhaka | Optical Budget Mouse | 1 | On Highway',2,'[{\"changed\": {\"fields\": [\"Status\", \"Deliveryman\"]}}]',13,1),(245,'2022-08-29 05:16:35.532748','10','Nasif | Computer World | rajshahi | 49',2,'[{\"changed\": {\"fields\": [\"Inventory image\"]}}]',22,1),(246,'2022-08-29 05:16:45.071031','10','Nasif | Computer World | rajshahi | 49',2,'[{\"changed\": {\"fields\": [\"Inventory image\"]}}]',22,1),(247,'2022-08-29 05:17:25.888084','9','Nasif | Computer World | rajshahi | 155',2,'[{\"changed\": {\"fields\": [\"Inventory image\"]}}]',22,1),(248,'2022-08-29 05:18:23.245456','9','Nasif | Computer World | rajshahi | 155',2,'[{\"changed\": {\"fields\": [\"Inventory image\"]}}]',22,1),(249,'2022-08-29 05:18:57.156610','7','Shuvo | Spark Gear | dhaka | 36',2,'[{\"changed\": {\"fields\": [\"Inventory image\"]}}]',22,1),(250,'2022-08-29 05:19:08.438407','7','Shuvo | Spark Gear | dhaka | 36',2,'[{\"changed\": {\"fields\": [\"Inventory image\"]}}]',22,1),(251,'2022-08-29 05:19:35.416151','4','Abrar | Abrar Electronics | dhaka | 65',2,'[{\"changed\": {\"fields\": [\"Inventory image\"]}}]',22,1),(252,'2022-08-29 05:20:24.423472','3','Abrar | Abrar Electronics | dhaka | 41',2,'[]',22,1),(253,'2022-08-29 05:20:50.981191','3','Abrar | Abrar Electronics | dhaka | 41',2,'[{\"changed\": {\"fields\": [\"Inventory image\"]}}]',22,1),(254,'2022-08-29 05:21:15.328328','2','Nasif | Computer World | rajshahi | 56',2,'[{\"changed\": {\"fields\": [\"Inventory image\"]}}]',22,1),(255,'2022-08-29 05:21:54.293165','1','Nasif | Computer World | rajshahi | 78',2,'[{\"changed\": {\"fields\": [\"Inventory image\"]}}]',22,1),(256,'2022-08-29 05:48:45.364553','1','irshad | 101',2,'[{\"changed\": {\"fields\": [\"Mail\"]}}]',10,1),(257,'2022-08-29 05:50:24.923726','6','nafiz | 103',2,'[{\"changed\": {\"fields\": [\"Coord\"]}}]',10,1),(258,'2022-08-29 06:28:15.727779','298','irshad | 2022-08-29 | dhaka',3,'',21,1),(259,'2022-08-29 06:28:15.739487','297','irshad | 2022-08-29 | dhaka',3,'',21,1),(260,'2022-08-29 06:28:15.758562','296','irshad | 2022-08-29 | dhaka',3,'',21,1),(261,'2022-08-29 06:28:15.761688','295','irshad | 2022-08-29 | dhaka',3,'',21,1),(262,'2022-08-29 06:28:15.786676','294','irshad | 2022-08-29 | dhaka',3,'',21,1),(263,'2022-08-29 06:28:15.789381','293','irshad | 2022-08-29 | dhaka',3,'',21,1),(264,'2022-08-29 06:28:15.802648','292','irshad | 2022-08-29 | dhaka',3,'',21,1),(265,'2022-08-29 06:28:15.816255','291','irshad | 2022-08-29 | dhaka',3,'',21,1),(266,'2022-08-29 06:28:15.825432','290','irshad | 2022-08-29 | dhaka',3,'',21,1),(267,'2022-08-29 06:28:15.844017','289','irshad | 2022-08-29 | dhaka',3,'',21,1),(268,'2022-08-29 06:28:15.849906','288','irshad | 2022-08-29 | dhaka',3,'',21,1),(269,'2022-08-29 06:28:15.872985','287','irshad | 2022-08-29 | dhaka',3,'',21,1),(270,'2022-08-29 06:28:15.878679','286','irshad | 2022-08-29 | dhaka',3,'',21,1),(271,'2022-08-29 06:28:15.898928','285','irshad | 2022-08-29 | dhaka',3,'',21,1),(272,'2022-08-29 06:28:15.908051','284','irshad | 2022-08-29 | dhaka',3,'',21,1),(273,'2022-08-29 06:28:15.924128','283','irshad | 2022-08-29 | dhaka',3,'',21,1),(274,'2022-08-29 06:28:15.938906','282','irshad | 2022-08-29 | dhaka',3,'',21,1),(275,'2022-08-29 06:28:15.944637','281','irshad | 2022-08-29 | dhaka',3,'',21,1),(276,'2022-08-29 06:28:15.970269','280','irshad | 2022-08-29 | dhaka',3,'',21,1),(277,'2022-08-29 06:28:15.976224','279','irshad | 2022-08-29 | dhaka',3,'',21,1),(278,'2022-08-29 06:28:16.002797','278','irshad | 2022-08-29 | dhaka',3,'',21,1),(279,'2022-08-29 06:28:16.040550','277','irshad | 2022-08-29 | dhaka',3,'',21,1),(280,'2022-08-29 06:28:16.062954','276','irshad | 2022-08-29 | dhaka',3,'',21,1),(281,'2022-08-29 06:28:16.094238','275','irshad | 2022-08-29 | dhaka',3,'',21,1),(282,'2022-08-29 06:28:16.120486','274','irshad | 2022-08-29 | dhaka',3,'',21,1),(283,'2022-08-29 06:28:16.135346','273','irshad | 2022-08-29 | dhaka',3,'',21,1),(284,'2022-08-29 06:28:16.150164','272','irshad | 2022-08-29 | dhaka',3,'',21,1),(285,'2022-08-29 06:28:16.154191','271','irshad | 2022-08-29 | dhaka',3,'',21,1),(286,'2022-08-29 06:28:16.174047','270','irshad | 2022-08-29 | dhaka',3,'',21,1),(287,'2022-08-29 06:28:16.184961','269','irshad | 2022-08-29 | dhaka',3,'',21,1),(288,'2022-08-29 06:28:16.189626','268','irshad | 2022-08-29 | dhaka',3,'',21,1),(289,'2022-08-29 06:28:16.213920','267','irshad | 2022-08-29 | dhaka',3,'',21,1),(290,'2022-08-29 06:28:16.218308','266','irshad | 2022-08-29 | dhaka',3,'',21,1),(291,'2022-08-29 06:28:16.243352','265','irshad | 2022-08-29 | dhaka',3,'',21,1),(292,'2022-08-29 06:28:16.248845','264','irshad | 2022-08-29 | dhaka',3,'',21,1),(293,'2022-08-29 06:28:16.274428','263','irshad | 2022-08-29 | dhaka',3,'',21,1),(294,'2022-08-29 06:28:16.280843','262','irshad | 2022-08-29 | dhaka',3,'',21,1),(295,'2022-08-29 06:28:16.310270','261','irshad | 2022-08-29 | dhaka',3,'',21,1),(296,'2022-08-29 06:28:16.314224','260','irshad | 2022-08-29 | dhaka',3,'',21,1),(297,'2022-08-29 06:28:16.338363','259','irshad | 2022-08-29 | dhaka',3,'',21,1),(298,'2022-08-29 06:28:16.342760','258','irshad | 2022-08-29 | dhaka',3,'',21,1),(299,'2022-08-29 06:28:16.362880','257','irshad | 2022-08-29 | dhaka',3,'',21,1),(300,'2022-08-29 06:28:16.373137','256','irshad | 2022-08-29 | dhaka',3,'',21,1),(301,'2022-08-29 06:28:16.383037','255','irshad | 2022-08-29 | dhaka',3,'',21,1),(302,'2022-08-29 06:28:16.402713','254','irshad | 2022-08-29 | dhaka',3,'',21,1),(303,'2022-08-29 06:28:16.412828','253','irshad | 2022-08-29 | dhaka',3,'',21,1),(304,'2022-08-29 06:28:16.433071','252','irshad | 2022-08-29 | dhaka',3,'',21,1),(305,'2022-08-29 06:28:16.437059','251','irshad | 2022-08-29 | dhaka',3,'',21,1),(306,'2022-08-29 06:28:16.461467','250','irshad | 2022-08-29 | dhaka',3,'',21,1),(307,'2022-08-29 06:28:16.466355','249','irshad | 2022-08-29 | dhaka',3,'',21,1),(308,'2022-08-29 06:28:16.485917','248','irshad | 2022-08-29 | dhaka',3,'',21,1),(309,'2022-08-29 06:28:16.497229','247','irshad | 2022-08-29 | dhaka',3,'',21,1),(310,'2022-08-29 06:28:16.520302','246','irshad | 2022-08-29 | dhaka',3,'',21,1),(311,'2022-08-29 06:28:16.531345','245','irshad | 2022-08-29 | dhaka',3,'',21,1),(312,'2022-08-29 06:28:16.547699','244','irshad | 2022-08-29 | dhaka',3,'',21,1),(313,'2022-08-29 06:28:16.563457','243','irshad | 2022-08-29 | dhaka',3,'',21,1),(314,'2022-08-29 06:28:16.567347','242','irshad | 2022-08-29 | dhaka',3,'',21,1),(315,'2022-08-29 06:28:16.588515','241','irshad | 2022-08-29 | dhaka',3,'',21,1),(316,'2022-08-29 06:28:16.597834','240','irshad | 2022-08-29 | dhaka',3,'',21,1),(317,'2022-08-29 06:28:16.613941','239','irshad | 2022-08-29 | dhaka',3,'',21,1),(318,'2022-08-29 06:28:16.628618','238','irshad | 2022-08-29 | dhaka',3,'',21,1),(319,'2022-08-29 06:28:16.632348','237','irshad | 2022-08-29 | dhaka',3,'',21,1),(320,'2022-08-29 06:28:16.652592','236','irshad | 2022-08-29 | dhaka',3,'',21,1),(321,'2022-08-29 06:28:16.663560','235','irshad | 2022-08-29 | dhaka',3,'',21,1),(322,'2022-08-29 06:28:16.679860','234','irshad | 2022-08-29 | dhaka',3,'',21,1),(323,'2022-08-29 06:28:16.696259','233','irshad | 2022-08-29 | dhaka',3,'',21,1),(324,'2022-08-29 06:28:16.711878','232','irshad | 2022-08-29 | dhaka',3,'',21,1),(325,'2022-08-29 06:28:16.728148','231','irshad | 2022-08-29 | dhaka',3,'',21,1),(326,'2022-08-29 06:28:16.737745','230','irshad | 2022-08-29 | dhaka',3,'',21,1),(327,'2022-08-29 06:28:16.758250','229','irshad | 2022-08-29 | dhaka',3,'',21,1),(328,'2022-08-29 06:28:16.764896','228','irshad | 2022-08-29 | dhaka',3,'',21,1),(329,'2022-08-29 06:28:16.790453','227','irshad | 2022-08-29 | dhaka',3,'',21,1),(330,'2022-08-29 06:28:16.794704','226','irshad | 2022-08-29 | dhaka',3,'',21,1),(331,'2022-08-29 06:28:16.814395','225','irshad | 2022-08-29 | dhaka',3,'',21,1),(332,'2022-08-29 06:28:16.824935','224','irshad | 2022-08-29 | dhaka',3,'',21,1),(333,'2022-08-29 06:28:16.839622','223','irshad | 2022-08-29 | dhaka',3,'',21,1),(334,'2022-08-29 06:28:16.855585','222','irshad | 2022-08-29 | dhaka',3,'',21,1),(335,'2022-08-29 06:28:16.859346','221','irshad | 2022-08-29 | dhaka',3,'',21,1),(336,'2022-08-29 06:28:16.879666','220','irshad | 2022-08-29 | dhaka',3,'',21,1),(337,'2022-08-29 06:28:16.889012','219','irshad | 2022-08-29 | dhaka',3,'',21,1),(338,'2022-08-29 06:28:16.899221','218','irshad | 2022-08-29 | dhaka',3,'',21,1),(339,'2022-08-29 06:28:16.919124','217','irshad | 2022-08-29 | dhaka',3,'',21,1),(340,'2022-08-29 06:28:16.923275','216','irshad | 2022-08-29 | dhaka',3,'',21,1),(341,'2022-08-29 06:28:16.947664','215','irshad | 2022-08-29 | dhaka',3,'',21,1),(342,'2022-08-29 06:28:16.952045','214','irshad | 2022-08-29 | dhaka',3,'',21,1),(343,'2022-08-29 06:28:16.978726','213','irshad | 2022-08-29 | dhaka',3,'',21,1),(344,'2022-08-29 06:28:16.983113','212','irshad | 2022-08-29 | dhaka',3,'',21,1),(345,'2022-08-29 06:28:17.011462','211','irshad | 2022-08-29 | dhaka',3,'',21,1),(346,'2022-08-29 06:28:17.016668','210','irshad | 2022-08-29 | dhaka',3,'',21,1),(347,'2022-08-29 06:28:17.047143','209','irshad | 2022-08-29 | dhaka',3,'',21,1),(348,'2022-08-29 06:28:17.051693','208','irshad | 2022-08-29 | dhaka',3,'',21,1),(349,'2022-08-29 06:28:17.083504','207','irshad | 2022-08-29 | dhaka',3,'',21,1),(350,'2022-08-29 06:28:17.087812','206','irshad | 2022-08-29 | dhaka',3,'',21,1),(351,'2022-08-29 06:28:17.098174','205','irshad | 2022-08-29 | dhaka',3,'',21,1),(352,'2022-08-29 06:28:17.121328','204','irshad | 2022-08-29 | dhaka',3,'',21,1),(353,'2022-08-29 06:28:17.129022','203','irshad | 2022-08-29 | dhaka',3,'',21,1),(354,'2022-08-29 06:28:17.157067','202','irshad | 2022-08-29 | dhaka',3,'',21,1),(355,'2022-08-29 06:28:17.162665','201','irshad | 2022-08-29 | dhaka',3,'',21,1),(356,'2022-08-29 06:28:17.188382','200','irshad | 2022-08-29 | dhaka',3,'',21,1),(357,'2022-08-29 06:28:17.191656','199','irshad | 2022-08-29 | dhaka',3,'',21,1),(358,'2022-08-29 06:28:35.458576','198','irshad | 2022-08-29 | dhaka',3,'',21,1),(359,'2022-08-29 06:28:35.463631','197','irshad | 2022-08-29 | dhaka',3,'',21,1),(360,'2022-08-29 06:28:35.478768','196','irshad | 2022-08-29 | dhaka',3,'',21,1),(361,'2022-08-29 06:28:35.493311','195','irshad | 2022-08-29 | dhaka',3,'',21,1),(362,'2022-08-29 06:28:35.498169','194','irshad | 2022-08-29 | dhaka',3,'',21,1),(363,'2022-08-29 06:28:35.523743','193','irshad | 2022-08-29 | dhaka',3,'',21,1),(364,'2022-08-29 06:28:35.526547','192','irshad | 2022-08-29 | dhaka',3,'',21,1),(365,'2022-08-29 06:28:35.547193','191','irshad | 2022-08-29 | dhaka',3,'',21,1),(366,'2022-08-29 06:28:35.556146','190','irshad | 2022-08-29 | dhaka',3,'',21,1),(367,'2022-08-29 06:28:35.577525','189','irshad | 2022-08-29 | dhaka',3,'',21,1),(368,'2022-08-29 06:28:35.587233','188','irshad | 2022-08-29 | dhaka',3,'',21,1),(369,'2022-08-29 06:28:35.602173','187','irshad | 2022-08-29 | dhaka',3,'',21,1),(370,'2022-08-29 06:28:35.617292','186','irshad | 2022-08-29 | dhaka',3,'',21,1),(371,'2022-08-29 06:28:35.626336','185','irshad | 2022-08-29 | dhaka',3,'',21,1),(372,'2022-08-29 06:28:35.644473','184','irshad | 2022-08-29 | dhaka',3,'',21,1),(373,'2022-08-29 06:28:35.647793','183','irshad | 2022-08-29 | dhaka',3,'',21,1),(374,'2022-08-29 06:28:35.668538','182','irshad | 2022-08-29 | dhaka',3,'',21,1),(375,'2022-08-29 06:28:35.676715','181','irshad | 2022-08-29 | dhaka',3,'',21,1),(376,'2022-08-29 06:28:35.685421','180','irshad | 2022-08-29 | dhaka',3,'',21,1),(377,'2022-08-29 06:28:35.704460','179','irshad | 2022-08-29 | dhaka',3,'',21,1),(378,'2022-08-29 06:28:35.709270','178','irshad | 2022-08-29 | dhaka',3,'',21,1),(379,'2022-08-29 06:28:35.736119','177','irshad | 2022-08-29 | dhaka',3,'',21,1),(380,'2022-08-29 06:28:35.742389','176','irshad | 2022-08-29 | dhaka',3,'',21,1),(381,'2022-08-29 06:28:35.768085','175','irshad | 2022-08-29 | dhaka',3,'',21,1),(382,'2022-08-29 06:28:35.772761','174','irshad | 2022-08-29 | dhaka',3,'',21,1),(383,'2022-08-29 06:28:35.797192','173','irshad | 2022-08-29 | dhaka',3,'',21,1),(384,'2022-08-29 06:28:35.801129','172','irshad | 2022-08-29 | dhaka',3,'',21,1),(385,'2022-08-29 06:28:35.811347','171','irshad | 2022-08-29 | dhaka',3,'',21,1),(386,'2022-08-29 06:28:35.830223','170','irshad | 2022-08-29 | dhaka',3,'',21,1),(387,'2022-08-29 06:28:35.842858','169','irshad | 2022-08-29 | dhaka',3,'',21,1),(388,'2022-08-29 06:28:35.863839','168','irshad | 2022-08-29 | dhaka',3,'',21,1),(389,'2022-08-29 06:28:35.880410','167','irshad | 2022-08-29 | dhaka',3,'',21,1),(390,'2022-08-29 06:28:35.896085','166','irshad | 2022-08-29 | dhaka',3,'',21,1),(391,'2022-08-29 06:28:35.899661','165','irshad | 2022-08-29 | dhaka',3,'',21,1),(392,'2022-08-29 06:28:35.920904','164','irshad | 2022-08-29 | dhaka',3,'',21,1),(393,'2022-08-29 06:28:35.929840','163','irshad | 2022-08-29 | dhaka',3,'',21,1),(394,'2022-08-29 06:28:35.950035','162','irshad | 2022-08-29 | dhaka',3,'',21,1),(395,'2022-08-29 06:28:35.958406','161','irshad | 2022-08-29 | dhaka',3,'',21,1),(396,'2022-08-29 06:28:35.966872','160','irshad | 2022-08-29 | dhaka',3,'',21,1),(397,'2022-08-29 06:28:35.987463','159','irshad | 2022-08-29 | dhaka',3,'',21,1),(398,'2022-08-29 06:28:36.006554','158','irshad | 2022-08-29 | dhaka',3,'',21,1),(399,'2022-08-29 06:28:36.022029','157','irshad | 2022-08-29 | dhaka',3,'',21,1),(400,'2022-08-29 06:28:36.040642','156','irshad | 2022-08-29 | dhaka',3,'',21,1),(401,'2022-08-29 06:28:36.060219','155','irshad | 2022-08-29 | dhaka',3,'',21,1),(402,'2022-08-29 06:28:36.094884','154','irshad | 2022-08-29 | dhaka',3,'',21,1),(403,'2022-08-29 06:28:36.106443','153','irshad | 2022-08-29 | dhaka',3,'',21,1),(404,'2022-08-29 06:28:36.135813','152','irshad | 2022-08-29 | dhaka',3,'',21,1),(405,'2022-08-29 06:28:36.158721','151','irshad | 2022-08-29 | dhaka',3,'',21,1),(406,'2022-08-29 06:28:36.169112','150','irshad | 2022-08-29 | dhaka',3,'',21,1),(407,'2022-08-29 06:28:36.191139','149','irshad | 2022-08-29 | dhaka',3,'',21,1),(408,'2022-08-29 06:28:36.195509','148','irshad | 2022-08-29 | dhaka',3,'',21,1),(409,'2022-08-29 06:28:36.219385','147','irshad | 2022-08-29 | dhaka',3,'',21,1),(410,'2022-08-29 06:28:36.223113','146','irshad | 2022-08-29 | dhaka',3,'',21,1),(411,'2022-08-29 06:28:36.243826','145','irshad | 2022-08-29 | dhaka',3,'',21,1),(412,'2022-08-29 06:28:36.251097','144','irshad | 2022-08-29 | dhaka',3,'',21,1),(413,'2022-08-29 06:28:36.270797','143','irshad | 2022-08-29 | dhaka',3,'',21,1),(414,'2022-08-29 06:28:36.278938','142','irshad | 2022-08-29 | dhaka',3,'',21,1),(415,'2022-08-29 06:28:36.281634','141','irshad | 2022-08-29 | dhaka',3,'',21,1),(416,'2022-08-29 06:28:36.307691','140','irshad | 2022-08-29 | dhaka',3,'',21,1),(417,'2022-08-29 06:28:36.313799','139','irshad | 2022-08-29 | dhaka',3,'',21,1),(418,'2022-08-29 06:28:36.338813','138','irshad | 2022-08-29 | dhaka',3,'',21,1),(419,'2022-08-29 06:28:36.342092','137','irshad | 2022-08-29 | dhaka',3,'',21,1),(420,'2022-08-29 06:28:36.367091','136','irshad | 2022-08-29 | dhaka',3,'',21,1),(421,'2022-08-29 06:28:36.372242','135','irshad | 2022-08-29 | dhaka',3,'',21,1),(422,'2022-08-29 06:28:36.394576','134','irshad | 2022-08-29 | dhaka',3,'',21,1),(423,'2022-08-29 06:28:36.403856','133','irshad | 2022-08-29 | dhaka',3,'',21,1),(424,'2022-08-29 06:28:36.425746','132','irshad | 2022-08-29 | dhaka',3,'',21,1),(425,'2022-08-29 06:28:36.435377','131','irshad | 2022-08-29 | dhaka',3,'',21,1),(426,'2022-08-29 06:28:36.452306','130','irshad | 2022-08-29 | dhaka',3,'',21,1),(427,'2022-08-29 06:28:36.467215','129','irshad | 2022-08-29 | dhaka',3,'',21,1),(428,'2022-08-29 06:28:36.483901','128','irshad | 2022-08-29 | dhaka',3,'',21,1),(429,'2022-08-29 06:28:36.498802','127','irshad | 2022-08-29 | dhaka',3,'',21,1),(430,'2022-08-29 06:28:36.502439','126','irshad | 2022-08-29 | dhaka',3,'',21,1),(431,'2022-08-29 06:28:36.522653','125','irshad | 2022-08-29 | dhaka',3,'',21,1),(432,'2022-08-29 06:28:36.531529','124','irshad | 2022-08-29 | dhaka',3,'',21,1),(433,'2022-08-29 06:28:36.541334','123','irshad | 2022-08-29 | dhaka',3,'',21,1),(434,'2022-08-29 06:28:36.560397','122','irshad | 2022-08-29 | dhaka',3,'',21,1),(435,'2022-08-29 06:28:36.564475','121','irshad | 2022-08-29 | dhaka',3,'',21,1),(436,'2022-08-29 06:28:36.590405','120','irshad | 2022-08-29 | dhaka',3,'',21,1),(437,'2022-08-29 06:28:36.596855','119','irshad | 2022-08-29 | dhaka',3,'',21,1),(438,'2022-08-29 06:28:36.617068','118','irshad | 2022-08-29 | dhaka',3,'',21,1),(439,'2022-08-29 06:28:36.628192','117','irshad | 2022-08-29 | dhaka',3,'',21,1),(440,'2022-08-29 06:28:36.637361','116','irshad | 2022-08-29 | dhaka',3,'',21,1),(441,'2022-08-29 06:28:36.656803','115','irshad | 2022-08-29 | dhaka',3,'',21,1),(442,'2022-08-29 06:28:36.661331','114','irshad | 2022-08-29 | dhaka',3,'',21,1),(443,'2022-08-29 06:28:36.684945','113','irshad | 2022-08-29 | dhaka',3,'',21,1),(444,'2022-08-29 06:28:36.690748','112','irshad | 2022-08-29 | dhaka',3,'',21,1),(445,'2022-08-29 06:28:36.711695','111','irshad | 2022-08-29 | dhaka',3,'',21,1),(446,'2022-08-29 06:28:36.721636','110','irshad | 2022-08-29 | dhaka',3,'',21,1),(447,'2022-08-29 06:28:36.736937','109','irshad | 2022-08-29 | dhaka',3,'',21,1),(448,'2022-08-29 06:28:36.751813','108','irshad | 2022-08-29 | dhaka',3,'',21,1),(449,'2022-08-29 06:28:36.761362','107','irshad | 2022-08-29 | dhaka',3,'',21,1),(450,'2022-08-29 06:28:36.780153','106','irshad | 2022-08-29 | dhaka',3,'',21,1),(451,'2022-08-29 06:28:36.784954','105','irshad | 2022-08-29 | dhaka',3,'',21,1),(452,'2022-08-29 06:28:36.811710','104','irshad | 2022-08-29 | dhaka',3,'',21,1),(453,'2022-08-29 06:28:36.815793','103','irshad | 2022-08-29 | dhaka',3,'',21,1),(454,'2022-08-29 06:28:36.830407','102','irshad | 2022-08-29 | dhaka',3,'',21,1),(455,'2022-08-29 06:28:36.845145','101','irshad | 2022-08-29 | dhaka',3,'',21,1),(456,'2022-08-29 06:28:36.849853','100','irshad | 2022-08-29 | dhaka',3,'',21,1),(457,'2022-08-29 06:28:36.874334','99','irshad | 2022-08-29 | dhaka',3,'',21,1),(458,'2022-08-29 06:28:55.930529','98','irshad | 2022-08-29 | dhaka',3,'',21,1),(459,'2022-08-29 06:28:55.936067','97','irshad | 2022-08-29 | dhaka',3,'',21,1),(460,'2022-08-29 06:28:55.950325','96','irshad | 2022-08-29 | dhaka',3,'',21,1),(461,'2022-08-29 06:28:55.964256','95','irshad | 2022-08-29 | dhaka',3,'',21,1),(462,'2022-08-29 06:28:55.967942','94','irshad | 2022-08-29 | dhaka',3,'',21,1),(463,'2022-08-29 06:28:55.989314','93','irshad | 2022-08-29 | dhaka',3,'',21,1),(464,'2022-08-29 06:28:56.003703','92','irshad | 2022-08-29 | dhaka',3,'',21,1),(465,'2022-08-29 06:28:56.041581','91','irshad | 2022-08-29 | dhaka',3,'',21,1),(466,'2022-08-29 06:28:56.054444','90','irshad | 2022-08-29 | dhaka',3,'',21,1),(467,'2022-08-29 06:28:56.067916','89','irshad | 2022-08-29 | dhaka',3,'',21,1),(468,'2022-08-29 06:28:56.080732','88','irshad | 2022-08-29 | dhaka',3,'',21,1),(469,'2022-08-29 06:28:56.084220','87','irshad | 2022-08-29 | dhaka',3,'',21,1),(470,'2022-08-29 06:28:56.108965','86','irshad | 2022-08-29 | dhaka',3,'',21,1),(471,'2022-08-29 06:28:56.114578','85','irshad | 2022-08-29 | dhaka',3,'',21,1),(472,'2022-08-29 06:28:56.140208','84','irshad | 2022-08-29 | dhaka',3,'',21,1),(473,'2022-08-29 06:28:56.143901','83','irshad | 2022-08-29 | dhaka',3,'',21,1),(474,'2022-08-29 06:28:56.158936','82','irshad | 2022-08-29 | dhaka',3,'',21,1),(475,'2022-08-29 06:28:56.176042','81','irshad | 2022-08-29 | dhaka',3,'',21,1),(476,'2022-08-29 06:28:56.180208','80','irshad | 2022-08-29 | dhaka',3,'',21,1),(477,'2022-08-29 06:28:56.207038','79','irshad | 2022-08-29 | dhaka',3,'',21,1),(478,'2022-08-29 06:28:56.212224','78','irshad | 2022-08-29 | dhaka',3,'',21,1),(479,'2022-08-29 06:28:56.220728','77','irshad | 2022-08-29 | dhaka',3,'',21,1),(480,'2022-08-29 06:28:56.241490','76','irshad | 2022-08-29 | dhaka',3,'',21,1),(481,'2022-08-29 06:28:56.244609','75','irshad | 2022-08-29 | dhaka',3,'',21,1),(482,'2022-08-29 06:28:56.269608','74','irshad | 2022-08-29 | dhaka',3,'',21,1),(483,'2022-08-29 06:28:56.273934','73','irshad | 2022-08-29 | dhaka',3,'',21,1),(484,'2022-08-29 06:28:56.299136','72','irshad | 2022-08-29 | dhaka',3,'',21,1),(485,'2022-08-29 06:28:56.304443','71','irshad | 2022-08-29 | dhaka',3,'',21,1),(486,'2022-08-29 06:28:56.330422','70','irshad | 2022-08-29 | dhaka',3,'',21,1),(487,'2022-08-29 06:28:56.333166','69','Abrar Shahriare | 2022-08-29 | dhaka',3,'',21,1),(488,'2022-08-29 06:28:56.347698','67','irshad | 2022-08-28 | dhaka',3,'',21,1),(489,'2022-08-29 06:28:56.361968','65','irshad | 2022-08-28 | dhaka',3,'',21,1),(490,'2022-08-29 06:28:56.366417','64','nafiz | 2022-08-28 | rajshahi',3,'',21,1),(491,'2022-08-29 06:28:56.392381','40','Abrar Shahriare | 2022-08-18 | dhaka',3,'',21,1),(492,'2022-08-29 06:28:56.396295','39','Abrar Shahriare | 2022-08-18 | dhaka',3,'',21,1),(493,'2022-08-29 06:29:24.307496','1098','irshad | 2022-08-29 | dhaka',3,'',21,1),(494,'2022-08-29 06:29:24.313522','1097','irshad | 2022-08-29 | dhaka',3,'',21,1),(495,'2022-08-29 06:29:24.333133','1096','irshad | 2022-08-29 | dhaka',3,'',21,1),(496,'2022-08-29 06:29:24.342374','1095','irshad | 2022-08-29 | dhaka',3,'',21,1),(497,'2022-08-29 06:29:24.344626','1094','irshad | 2022-08-29 | dhaka',3,'',21,1),(498,'2022-08-29 06:29:24.368774','1093','irshad | 2022-08-29 | dhaka',3,'',21,1),(499,'2022-08-29 06:29:24.371687','1092','irshad | 2022-08-29 | dhaka',3,'',21,1),(500,'2022-08-29 06:29:24.385732','1091','irshad | 2022-08-29 | dhaka',3,'',21,1),(501,'2022-08-29 06:29:24.400512','1090','irshad | 2022-08-29 | dhaka',3,'',21,1),(502,'2022-08-29 06:29:24.409324','1089','irshad | 2022-08-29 | dhaka',3,'',21,1),(503,'2022-08-29 06:29:24.428032','1088','irshad | 2022-08-29 | dhaka',3,'',21,1),(504,'2022-08-29 06:29:24.430387','1087','irshad | 2022-08-29 | dhaka',3,'',21,1),(505,'2022-08-29 06:29:24.449146','1086','irshad | 2022-08-29 | dhaka',3,'',21,1),(506,'2022-08-29 06:29:24.457862','1085','irshad | 2022-08-29 | dhaka',3,'',21,1),(507,'2022-08-29 06:29:24.460685','1084','irshad | 2022-08-29 | dhaka',3,'',21,1),(508,'2022-08-29 06:29:24.483715','1083','irshad | 2022-08-29 | dhaka',3,'',21,1),(509,'2022-08-29 06:29:24.487800','1082','irshad | 2022-08-29 | dhaka',3,'',21,1),(510,'2022-08-29 06:29:24.502295','1081','irshad | 2022-08-29 | dhaka',3,'',21,1),(511,'2022-08-29 06:29:24.515951','1080','irshad | 2022-08-29 | dhaka',3,'',21,1),(512,'2022-08-29 06:29:24.532473','1079','irshad | 2022-08-29 | dhaka',3,'',21,1),(513,'2022-08-29 06:29:24.545720','1078','irshad | 2022-08-29 | dhaka',3,'',21,1),(514,'2022-08-29 06:29:24.548882','1077','irshad | 2022-08-29 | dhaka',3,'',21,1),(515,'2022-08-29 06:29:24.568406','1076','irshad | 2022-08-29 | dhaka',3,'',21,1),(516,'2022-08-29 06:29:24.577963','1075','irshad | 2022-08-29 | dhaka',3,'',21,1),(517,'2022-08-29 06:29:24.581445','1074','irshad | 2022-08-29 | dhaka',3,'',21,1),(518,'2022-08-29 06:29:24.605674','1073','irshad | 2022-08-29 | dhaka',3,'',21,1),(519,'2022-08-29 06:29:24.608980','1072','irshad | 2022-08-29 | dhaka',3,'',21,1),(520,'2022-08-29 06:29:24.633531','1071','irshad | 2022-08-29 | dhaka',3,'',21,1),(521,'2022-08-29 06:29:24.638083','1070','irshad | 2022-08-29 | dhaka',3,'',21,1),(522,'2022-08-29 06:29:24.652760','1069','irshad | 2022-08-29 | dhaka',3,'',21,1),(523,'2022-08-29 06:29:24.667289','1068','irshad | 2022-08-29 | dhaka',3,'',21,1),(524,'2022-08-29 06:29:24.672035','1067','irshad | 2022-08-29 | dhaka',3,'',21,1),(525,'2022-08-29 06:29:24.691801','1066','irshad | 2022-08-29 | dhaka',3,'',21,1),(526,'2022-08-29 06:29:24.701784','1065','irshad | 2022-08-29 | dhaka',3,'',21,1),(527,'2022-08-29 06:29:24.716855','1064','irshad | 2022-08-29 | dhaka',3,'',21,1),(528,'2022-08-29 06:29:24.731012','1063','irshad | 2022-08-29 | dhaka',3,'',21,1),(529,'2022-08-29 06:29:24.735432','1062','irshad | 2022-08-29 | dhaka',3,'',21,1),(530,'2022-08-29 06:29:24.755562','1061','irshad | 2022-08-29 | dhaka',3,'',21,1),(531,'2022-08-29 06:29:24.764525','1060','irshad | 2022-08-29 | dhaka',3,'',21,1),(532,'2022-08-29 06:29:24.773227','1059','irshad | 2022-08-29 | dhaka',3,'',21,1),(533,'2022-08-29 06:29:24.792810','1058','irshad | 2022-08-29 | dhaka',3,'',21,1),(534,'2022-08-29 06:29:24.797691','1057','irshad | 2022-08-29 | dhaka',3,'',21,1),(535,'2022-08-29 06:29:24.822879','1056','irshad | 2022-08-29 | dhaka',3,'',21,1),(536,'2022-08-29 06:29:24.826247','1055','irshad | 2022-08-29 | dhaka',3,'',21,1),(537,'2022-08-29 06:29:24.839558','1054','irshad | 2022-08-29 | dhaka',3,'',21,1),(538,'2022-08-29 06:29:24.855202','1053','irshad | 2022-08-29 | dhaka',3,'',21,1),(539,'2022-08-29 06:29:24.859419','1052','irshad | 2022-08-29 | dhaka',3,'',21,1),(540,'2022-08-29 06:29:24.879019','1051','irshad | 2022-08-29 | dhaka',3,'',21,1),(541,'2022-08-29 06:29:24.888861','1050','irshad | 2022-08-29 | dhaka',3,'',21,1),(542,'2022-08-29 06:29:24.897342','1049','irshad | 2022-08-29 | dhaka',3,'',21,1),(543,'2022-08-29 06:29:24.915760','1048','irshad | 2022-08-29 | dhaka',3,'',21,1),(544,'2022-08-29 06:29:24.919026','1047','irshad | 2022-08-29 | dhaka',3,'',21,1),(545,'2022-08-29 06:29:24.946160','1046','irshad | 2022-08-29 | dhaka',3,'',21,1),(546,'2022-08-29 06:29:24.948702','1045','irshad | 2022-08-29 | dhaka',3,'',21,1),(547,'2022-08-29 06:29:24.973375','1044','irshad | 2022-08-29 | dhaka',3,'',21,1),(548,'2022-08-29 06:29:24.975728','1043','irshad | 2022-08-29 | dhaka',3,'',21,1),(549,'2022-08-29 06:29:24.988847','1042','irshad | 2022-08-29 | dhaka',3,'',21,1),(550,'2022-08-29 06:29:25.003484','1041','irshad | 2022-08-29 | dhaka',3,'',21,1),(551,'2022-08-29 06:29:25.029919','1040','irshad | 2022-08-29 | dhaka',3,'',21,1),(552,'2022-08-29 06:29:25.050273','1039','irshad | 2022-08-29 | dhaka',3,'',21,1),(553,'2022-08-29 06:29:25.069285','1038','irshad | 2022-08-29 | dhaka',3,'',21,1),(554,'2022-08-29 06:29:25.089857','1037','irshad | 2022-08-29 | dhaka',3,'',21,1),(555,'2022-08-29 06:29:25.118841','1036','irshad | 2022-08-29 | dhaka',3,'',21,1),(556,'2022-08-29 06:29:25.150585','1035','irshad | 2022-08-29 | dhaka',3,'',21,1),(557,'2022-08-29 06:29:25.179846','1034','irshad | 2022-08-29 | dhaka',3,'',21,1),(558,'2022-08-29 06:29:25.199001','1033','irshad | 2022-08-29 | dhaka',3,'',21,1),(559,'2022-08-29 06:29:25.212782','1032','irshad | 2022-08-29 | dhaka',3,'',21,1),(560,'2022-08-29 06:29:25.232412','1031','irshad | 2022-08-29 | dhaka',3,'',21,1),(561,'2022-08-29 06:29:25.241201','1030','irshad | 2022-08-29 | dhaka',3,'',21,1),(562,'2022-08-29 06:29:25.246416','1029','irshad | 2022-08-29 | dhaka',3,'',21,1),(563,'2022-08-29 06:29:25.271397','1028','irshad | 2022-08-29 | dhaka',3,'',21,1),(564,'2022-08-29 06:29:25.275219','1027','irshad | 2022-08-29 | dhaka',3,'',21,1),(565,'2022-08-29 06:29:25.298908','1026','irshad | 2022-08-29 | dhaka',3,'',21,1),(566,'2022-08-29 06:29:25.302931','1025','irshad | 2022-08-29 | dhaka',3,'',21,1),(567,'2022-08-29 06:29:25.326381','1024','irshad | 2022-08-29 | dhaka',3,'',21,1),(568,'2022-08-29 06:29:25.330322','1023','irshad | 2022-08-29 | dhaka',3,'',21,1),(569,'2022-08-29 06:29:25.344704','1022','irshad | 2022-08-29 | dhaka',3,'',21,1),(570,'2022-08-29 06:29:25.359202','1021','irshad | 2022-08-29 | dhaka',3,'',21,1),(571,'2022-08-29 06:29:25.365326','1020','irshad | 2022-08-29 | dhaka',3,'',21,1),(572,'2022-08-29 06:29:25.385401','1019','irshad | 2022-08-29 | dhaka',3,'',21,1),(573,'2022-08-29 06:29:25.396455','1018','irshad | 2022-08-29 | dhaka',3,'',21,1),(574,'2022-08-29 06:29:25.411164','1017','irshad | 2022-08-29 | dhaka',3,'',21,1),(575,'2022-08-29 06:29:25.425195','1016','irshad | 2022-08-29 | dhaka',3,'',21,1),(576,'2022-08-29 06:29:25.429257','1015','irshad | 2022-08-29 | dhaka',3,'',21,1),(577,'2022-08-29 06:29:25.447669','1014','irshad | 2022-08-29 | dhaka',3,'',21,1),(578,'2022-08-29 06:29:25.456402','1013','irshad | 2022-08-29 | dhaka',3,'',21,1),(579,'2022-08-29 06:29:25.459561','1012','irshad | 2022-08-29 | dhaka',3,'',21,1),(580,'2022-08-29 06:29:25.483801','1011','irshad | 2022-08-29 | dhaka',3,'',21,1),(581,'2022-08-29 06:29:25.489111','1010','irshad | 2022-08-29 | dhaka',3,'',21,1),(582,'2022-08-29 06:29:25.515138','1009','irshad | 2022-08-29 | dhaka',3,'',21,1),(583,'2022-08-29 06:29:25.518537','1008','irshad | 2022-08-29 | dhaka',3,'',21,1),(584,'2022-08-29 06:29:25.540512','1007','irshad | 2022-08-29 | dhaka',3,'',21,1),(585,'2022-08-29 06:29:25.547887','1006','irshad | 2022-08-29 | dhaka',3,'',21,1),(586,'2022-08-29 06:29:25.556502','1005','irshad | 2022-08-29 | dhaka',3,'',21,1),(587,'2022-08-29 06:29:25.575253','1004','irshad | 2022-08-29 | dhaka',3,'',21,1),(588,'2022-08-29 06:29:25.579645','1003','irshad | 2022-08-29 | dhaka',3,'',21,1),(589,'2022-08-29 06:29:25.599172','1002','irshad | 2022-08-29 | dhaka',3,'',21,1),(590,'2022-08-29 06:29:25.606983','1001','irshad | 2022-08-29 | dhaka',3,'',21,1),(591,'2022-08-29 06:29:25.614883','1000','irshad | 2022-08-29 | dhaka',3,'',21,1),(592,'2022-08-29 06:29:25.633453','999','irshad | 2022-08-29 | dhaka',3,'',21,1),(593,'2022-08-29 06:29:25.637276','998','irshad | 2022-08-29 | dhaka',3,'',21,1),(594,'2022-08-29 06:29:25.656202','997','irshad | 2022-08-29 | dhaka',3,'',21,1),(595,'2022-08-29 06:29:25.664146','996','irshad | 2022-08-29 | dhaka',3,'',21,1),(596,'2022-08-29 06:29:25.666952','995','irshad | 2022-08-29 | dhaka',3,'',21,1),(597,'2022-08-29 06:29:25.689785','994','irshad | 2022-08-29 | dhaka',3,'',21,1),(598,'2022-08-29 06:29:25.696239','993','irshad | 2022-08-29 | dhaka',3,'',21,1),(599,'2022-08-29 06:29:25.723604','992','irshad | 2022-08-29 | dhaka',3,'',21,1),(600,'2022-08-29 06:29:25.727045','991','irshad | 2022-08-29 | dhaka',3,'',21,1),(601,'2022-08-29 06:29:25.741224','990','irshad | 2022-08-29 | dhaka',3,'',21,1),(602,'2022-08-29 06:29:25.755532','989','irshad | 2022-08-29 | dhaka',3,'',21,1),(603,'2022-08-29 06:29:25.758211','988','irshad | 2022-08-29 | dhaka',3,'',21,1),(604,'2022-08-29 06:29:25.771963','987','irshad | 2022-08-29 | dhaka',3,'',21,1),(605,'2022-08-29 06:29:25.785826','986','irshad | 2022-08-29 | dhaka',3,'',21,1),(606,'2022-08-29 06:29:25.790135','985','irshad | 2022-08-29 | dhaka',3,'',21,1),(607,'2022-08-29 06:29:25.814621','984','irshad | 2022-08-29 | dhaka',3,'',21,1),(608,'2022-08-29 06:29:25.818456','983','irshad | 2022-08-29 | dhaka',3,'',21,1),(609,'2022-08-29 06:29:25.844478','982','irshad | 2022-08-29 | dhaka',3,'',21,1),(610,'2022-08-29 06:29:25.846607','981','irshad | 2022-08-29 | dhaka',3,'',21,1),(611,'2022-08-29 06:29:25.848241','980','irshad | 2022-08-29 | dhaka',3,'',21,1),(612,'2022-08-29 06:29:25.871797','979','irshad | 2022-08-29 | dhaka',3,'',21,1),(613,'2022-08-29 06:29:25.876360','978','irshad | 2022-08-29 | dhaka',3,'',21,1),(614,'2022-08-29 06:29:25.890840','977','irshad | 2022-08-29 | dhaka',3,'',21,1),(615,'2022-08-29 06:29:25.906298','976','irshad | 2022-08-29 | dhaka',3,'',21,1),(616,'2022-08-29 06:29:25.908453','975','irshad | 2022-08-29 | dhaka',3,'',21,1),(617,'2022-08-29 06:29:25.932406','974','irshad | 2022-08-29 | dhaka',3,'',21,1),(618,'2022-08-29 06:29:25.935469','973','irshad | 2022-08-29 | dhaka',3,'',21,1),(619,'2022-08-29 06:29:25.954809','972','irshad | 2022-08-29 | dhaka',3,'',21,1),(620,'2022-08-29 06:29:25.964656','971','irshad | 2022-08-29 | dhaka',3,'',21,1),(621,'2022-08-29 06:29:25.990517','970','irshad | 2022-08-29 | dhaka',3,'',21,1),(622,'2022-08-29 06:29:25.994111','969','irshad | 2022-08-29 | dhaka',3,'',21,1),(623,'2022-08-29 06:29:26.008212','968','irshad | 2022-08-29 | dhaka',3,'',21,1),(624,'2022-08-29 06:29:26.040586','967','irshad | 2022-08-29 | dhaka',3,'',21,1),(625,'2022-08-29 06:29:26.043916','966','irshad | 2022-08-29 | dhaka',3,'',21,1),(626,'2022-08-29 06:29:26.057493','965','irshad | 2022-08-29 | dhaka',3,'',21,1),(627,'2022-08-29 06:29:26.071353','964','irshad | 2022-08-29 | dhaka',3,'',21,1),(628,'2022-08-29 06:29:26.075794','963','irshad | 2022-08-29 | dhaka',3,'',21,1),(629,'2022-08-29 06:29:26.097103','962','irshad | 2022-08-29 | dhaka',3,'',21,1),(630,'2022-08-29 06:29:26.106990','961','irshad | 2022-08-29 | dhaka',3,'',21,1),(631,'2022-08-29 06:29:26.115884','960','irshad | 2022-08-29 | dhaka',3,'',21,1),(632,'2022-08-29 06:29:26.136350','959','irshad | 2022-08-29 | dhaka',3,'',21,1),(633,'2022-08-29 06:29:26.139832','958','irshad | 2022-08-29 | dhaka',3,'',21,1),(634,'2022-08-29 06:29:26.163956','957','irshad | 2022-08-29 | dhaka',3,'',21,1),(635,'2022-08-29 06:29:26.168257','956','irshad | 2022-08-29 | dhaka',3,'',21,1),(636,'2022-08-29 06:29:26.191778','955','irshad | 2022-08-29 | dhaka',3,'',21,1),(637,'2022-08-29 06:29:26.194732','954','irshad | 2022-08-29 | dhaka',3,'',21,1),(638,'2022-08-29 06:29:26.197825','953','irshad | 2022-08-29 | dhaka',3,'',21,1),(639,'2022-08-29 06:29:26.221832','952','irshad | 2022-08-29 | dhaka',3,'',21,1),(640,'2022-08-29 06:29:26.225178','951','irshad | 2022-08-29 | dhaka',3,'',21,1),(641,'2022-08-29 06:29:26.244035','950','irshad | 2022-08-29 | dhaka',3,'',21,1),(642,'2022-08-29 06:29:26.252571','949','irshad | 2022-08-29 | dhaka',3,'',21,1),(643,'2022-08-29 06:29:26.257120','948','irshad | 2022-08-29 | dhaka',3,'',21,1),(644,'2022-08-29 06:29:26.279479','947','irshad | 2022-08-29 | dhaka',3,'',21,1),(645,'2022-08-29 06:29:26.282768','946','irshad | 2022-08-29 | dhaka',3,'',21,1),(646,'2022-08-29 06:29:26.290686','945','irshad | 2022-08-29 | dhaka',3,'',21,1),(647,'2022-08-29 06:29:26.310428','944','irshad | 2022-08-29 | dhaka',3,'',21,1),(648,'2022-08-29 06:29:26.313355','943','irshad | 2022-08-29 | dhaka',3,'',21,1),(649,'2022-08-29 06:29:26.337283','942','irshad | 2022-08-29 | dhaka',3,'',21,1),(650,'2022-08-29 06:29:26.341150','941','irshad | 2022-08-29 | dhaka',3,'',21,1),(651,'2022-08-29 06:29:26.368232','940','irshad | 2022-08-29 | dhaka',3,'',21,1),(652,'2022-08-29 06:29:26.371548','939','irshad | 2022-08-29 | dhaka',3,'',21,1),(653,'2022-08-29 06:29:26.385506','938','irshad | 2022-08-29 | dhaka',3,'',21,1),(654,'2022-08-29 06:29:26.400260','937','irshad | 2022-08-29 | dhaka',3,'',21,1),(655,'2022-08-29 06:29:26.410102','936','irshad | 2022-08-29 | dhaka',3,'',21,1),(656,'2022-08-29 06:29:26.427668','935','irshad | 2022-08-29 | dhaka',3,'',21,1),(657,'2022-08-29 06:29:26.430905','934','irshad | 2022-08-29 | dhaka',3,'',21,1),(658,'2022-08-29 06:29:26.444945','933','irshad | 2022-08-29 | dhaka',3,'',21,1),(659,'2022-08-29 06:29:26.459330','932','irshad | 2022-08-29 | dhaka',3,'',21,1),(660,'2022-08-29 06:29:26.461526','931','irshad | 2022-08-29 | dhaka',3,'',21,1),(661,'2022-08-29 06:29:26.474927','930','irshad | 2022-08-29 | dhaka',3,'',21,1),(662,'2022-08-29 06:29:26.489731','929','irshad | 2022-08-29 | dhaka',3,'',21,1),(663,'2022-08-29 06:29:26.493103','928','irshad | 2022-08-29 | dhaka',3,'',21,1),(664,'2022-08-29 06:29:26.516995','927','irshad | 2022-08-29 | dhaka',3,'',21,1),(665,'2022-08-29 06:29:26.521549','926','irshad | 2022-08-29 | dhaka',3,'',21,1),(666,'2022-08-29 06:29:26.549457','925','irshad | 2022-08-29 | dhaka',3,'',21,1),(667,'2022-08-29 06:29:26.553338','924','irshad | 2022-08-29 | dhaka',3,'',21,1),(668,'2022-08-29 06:29:26.573667','923','irshad | 2022-08-29 | dhaka',3,'',21,1),(669,'2022-08-29 06:29:26.584333','922','irshad | 2022-08-29 | dhaka',3,'',21,1),(670,'2022-08-29 06:29:26.593697','921','irshad | 2022-08-29 | dhaka',3,'',21,1),(671,'2022-08-29 06:29:26.612190','920','irshad | 2022-08-29 | dhaka',3,'',21,1),(672,'2022-08-29 06:29:26.617857','919','irshad | 2022-08-29 | dhaka',3,'',21,1),(673,'2022-08-29 06:29:26.640374','918','irshad | 2022-08-29 | dhaka',3,'',21,1),(674,'2022-08-29 06:29:26.645530','917','irshad | 2022-08-29 | dhaka',3,'',21,1),(675,'2022-08-29 06:29:26.659027','916','irshad | 2022-08-29 | dhaka',3,'',21,1),(676,'2022-08-29 06:29:26.673979','915','irshad | 2022-08-29 | dhaka',3,'',21,1),(677,'2022-08-29 06:29:26.676703','914','irshad | 2022-08-29 | dhaka',3,'',21,1),(678,'2022-08-29 06:29:26.695584','913','irshad | 2022-08-29 | dhaka',3,'',21,1),(679,'2022-08-29 06:29:26.704079','912','irshad | 2022-08-29 | dhaka',3,'',21,1),(680,'2022-08-29 06:29:26.713094','911','irshad | 2022-08-29 | dhaka',3,'',21,1),(681,'2022-08-29 06:29:26.731229','910','irshad | 2022-08-29 | dhaka',3,'',21,1),(682,'2022-08-29 06:29:26.735645','909','irshad | 2022-08-29 | dhaka',3,'',21,1),(683,'2022-08-29 06:29:26.760851','908','irshad | 2022-08-29 | dhaka',3,'',21,1),(684,'2022-08-29 06:29:26.764444','907','irshad | 2022-08-29 | dhaka',3,'',21,1),(685,'2022-08-29 06:29:26.782721','906','irshad | 2022-08-29 | dhaka',3,'',21,1),(686,'2022-08-29 06:29:26.790665','905','irshad | 2022-08-29 | dhaka',3,'',21,1),(687,'2022-08-29 06:29:26.793402','904','irshad | 2022-08-29 | dhaka',3,'',21,1),(688,'2022-08-29 06:29:26.817516','903','irshad | 2022-08-29 | dhaka',3,'',21,1),(689,'2022-08-29 06:29:26.820921','902','irshad | 2022-08-29 | dhaka',3,'',21,1),(690,'2022-08-29 06:29:26.840875','901','irshad | 2022-08-29 | dhaka',3,'',21,1),(691,'2022-08-29 06:29:26.850353','900','irshad | 2022-08-29 | dhaka',3,'',21,1),(692,'2022-08-29 06:29:26.853807','899','irshad | 2022-08-29 | dhaka',3,'',21,1),(693,'2022-08-29 06:29:26.877115','898','irshad | 2022-08-29 | dhaka',3,'',21,1),(694,'2022-08-29 06:29:26.879490','897','irshad | 2022-08-29 | dhaka',3,'',21,1),(695,'2022-08-29 06:29:26.892328','896','irshad | 2022-08-29 | dhaka',3,'',21,1),(696,'2022-08-29 06:29:26.906533','895','irshad | 2022-08-29 | dhaka',3,'',21,1),(697,'2022-08-29 06:29:26.909296','894','irshad | 2022-08-29 | dhaka',3,'',21,1),(698,'2022-08-29 06:29:26.933678','893','irshad | 2022-08-29 | dhaka',3,'',21,1),(699,'2022-08-29 06:29:26.938949','892','irshad | 2022-08-29 | dhaka',3,'',21,1),(700,'2022-08-29 06:29:26.963910','891','irshad | 2022-08-29 | dhaka',3,'',21,1),(701,'2022-08-29 06:29:26.967867','890','irshad | 2022-08-29 | dhaka',3,'',21,1),(702,'2022-08-29 06:29:26.982062','889','irshad | 2022-08-29 | dhaka',3,'',21,1),(703,'2022-08-29 06:29:26.995121','888','irshad | 2022-08-29 | dhaka',3,'',21,1),(704,'2022-08-29 06:29:26.998578','887','irshad | 2022-08-29 | dhaka',3,'',21,1),(705,'2022-08-29 06:29:27.022576','886','irshad | 2022-08-29 | dhaka',3,'',21,1),(706,'2022-08-29 06:29:27.026825','885','irshad | 2022-08-29 | dhaka',3,'',21,1),(707,'2022-08-29 06:29:27.052342','884','irshad | 2022-08-29 | dhaka',3,'',21,1),(708,'2022-08-29 06:29:27.057547','883','irshad | 2022-08-29 | dhaka',3,'',21,1),(709,'2022-08-29 06:29:27.080686','882','irshad | 2022-08-29 | dhaka',3,'',21,1),(710,'2022-08-29 06:29:27.085504','881','irshad | 2022-08-29 | dhaka',3,'',21,1),(711,'2022-08-29 06:29:27.093323','880','irshad | 2022-08-29 | dhaka',3,'',21,1),(712,'2022-08-29 06:29:27.112101','879','irshad | 2022-08-29 | dhaka',3,'',21,1),(713,'2022-08-29 06:29:27.115361','878','irshad | 2022-08-29 | dhaka',3,'',21,1),(714,'2022-08-29 06:29:27.140737','877','irshad | 2022-08-29 | dhaka',3,'',21,1),(715,'2022-08-29 06:29:27.145677','876','irshad | 2022-08-29 | dhaka',3,'',21,1),(716,'2022-08-29 06:29:27.159604','875','irshad | 2022-08-29 | dhaka',3,'',21,1),(717,'2022-08-29 06:29:27.173715','874','irshad | 2022-08-29 | dhaka',3,'',21,1),(718,'2022-08-29 06:29:27.178598','873','irshad | 2022-08-29 | dhaka',3,'',21,1),(719,'2022-08-29 06:29:27.203874','872','irshad | 2022-08-29 | dhaka',3,'',21,1),(720,'2022-08-29 06:29:27.207289','871','irshad | 2022-08-29 | dhaka',3,'',21,1),(721,'2022-08-29 06:29:27.233092','870','irshad | 2022-08-29 | dhaka',3,'',21,1),(722,'2022-08-29 06:29:27.236038','869','irshad | 2022-08-29 | dhaka',3,'',21,1),(723,'2022-08-29 06:29:27.255002','868','irshad | 2022-08-29 | dhaka',3,'',21,1),(724,'2022-08-29 06:29:27.263230','867','irshad | 2022-08-29 | dhaka',3,'',21,1),(725,'2022-08-29 06:29:27.271269','866','irshad | 2022-08-29 | dhaka',3,'',21,1),(726,'2022-08-29 06:29:27.290047','865','irshad | 2022-08-29 | dhaka',3,'',21,1),(727,'2022-08-29 06:29:27.293308','864','irshad | 2022-08-29 | dhaka',3,'',21,1),(728,'2022-08-29 06:29:27.316976','863','irshad | 2022-08-29 | dhaka',3,'',21,1),(729,'2022-08-29 06:29:27.320917','862','irshad | 2022-08-29 | dhaka',3,'',21,1),(730,'2022-08-29 06:29:27.328861','861','irshad | 2022-08-29 | dhaka',3,'',21,1),(731,'2022-08-29 06:29:27.347837','860','irshad | 2022-08-29 | dhaka',3,'',21,1),(732,'2022-08-29 06:29:27.351424','859','irshad | 2022-08-29 | dhaka',3,'',21,1),(733,'2022-08-29 06:29:27.371475','858','irshad | 2022-08-29 | dhaka',3,'',21,1),(734,'2022-08-29 06:29:27.380170','857','irshad | 2022-08-29 | dhaka',3,'',21,1),(735,'2022-08-29 06:29:27.389048','856','irshad | 2022-08-29 | dhaka',3,'',21,1),(736,'2022-08-29 06:29:27.408026','855','irshad | 2022-08-29 | dhaka',3,'',21,1),(737,'2022-08-29 06:29:27.412778','854','irshad | 2022-08-29 | dhaka',3,'',21,1),(738,'2022-08-29 06:29:27.436861','853','irshad | 2022-08-29 | dhaka',3,'',21,1),(739,'2022-08-29 06:29:27.439270','852','irshad | 2022-08-29 | dhaka',3,'',21,1),(740,'2022-08-29 06:29:27.447346','851','irshad | 2022-08-29 | dhaka',3,'',21,1),(741,'2022-08-29 06:29:27.465853','850','irshad | 2022-08-29 | dhaka',3,'',21,1),(742,'2022-08-29 06:29:27.469298','849','irshad | 2022-08-29 | dhaka',3,'',21,1),(743,'2022-08-29 06:29:27.493094','848','irshad | 2022-08-29 | dhaka',3,'',21,1),(744,'2022-08-29 06:29:27.496841','847','irshad | 2022-08-29 | dhaka',3,'',21,1),(745,'2022-08-29 06:29:27.510017','846','irshad | 2022-08-29 | dhaka',3,'',21,1),(746,'2022-08-29 06:29:27.523605','845','irshad | 2022-08-29 | dhaka',3,'',21,1),(747,'2022-08-29 06:29:27.527415','844','irshad | 2022-08-29 | dhaka',3,'',21,1),(748,'2022-08-29 06:29:27.552726','843','irshad | 2022-08-29 | dhaka',3,'',21,1),(749,'2022-08-29 06:29:27.556550','842','irshad | 2022-08-29 | dhaka',3,'',21,1),(750,'2022-08-29 06:29:27.570381','841','irshad | 2022-08-29 | dhaka',3,'',21,1),(751,'2022-08-29 06:29:27.584062','840','irshad | 2022-08-29 | dhaka',3,'',21,1),(752,'2022-08-29 06:29:27.587393','839','irshad | 2022-08-29 | dhaka',3,'',21,1),(753,'2022-08-29 06:29:27.607294','838','irshad | 2022-08-29 | dhaka',3,'',21,1),(754,'2022-08-29 06:29:27.613400','837','irshad | 2022-08-29 | dhaka',3,'',21,1),(755,'2022-08-29 06:29:27.621001','836','irshad | 2022-08-29 | dhaka',3,'',21,1),(756,'2022-08-29 06:29:27.639360','835','irshad | 2022-08-29 | dhaka',3,'',21,1),(757,'2022-08-29 06:29:27.643118','834','irshad | 2022-08-29 | dhaka',3,'',21,1),(758,'2022-08-29 06:29:27.666251','833','irshad | 2022-08-29 | dhaka',3,'',21,1),(759,'2022-08-29 06:29:27.675661','832','irshad | 2022-08-29 | dhaka',3,'',21,1),(760,'2022-08-29 06:29:27.694307','831','irshad | 2022-08-29 | dhaka',3,'',21,1),(761,'2022-08-29 06:29:27.711721','830','irshad | 2022-08-29 | dhaka',3,'',21,1),(762,'2022-08-29 06:29:27.721375','829','irshad | 2022-08-29 | dhaka',3,'',21,1),(763,'2022-08-29 06:29:27.745917','828','irshad | 2022-08-29 | dhaka',3,'',21,1),(764,'2022-08-29 06:29:27.749022','827','irshad | 2022-08-29 | dhaka',3,'',21,1),(765,'2022-08-29 06:29:27.771820','826','irshad | 2022-08-29 | dhaka',3,'',21,1),(766,'2022-08-29 06:29:27.782053','825','irshad | 2022-08-29 | dhaka',3,'',21,1),(767,'2022-08-29 06:29:27.785290','824','irshad | 2022-08-29 | dhaka',3,'',21,1),(768,'2022-08-29 06:29:27.809233','823','irshad | 2022-08-29 | dhaka',3,'',21,1),(769,'2022-08-29 06:29:27.814523','822','irshad | 2022-08-29 | dhaka',3,'',21,1),(770,'2022-08-29 06:29:27.833455','821','irshad | 2022-08-29 | dhaka',3,'',21,1),(771,'2022-08-29 06:29:27.843339','820','irshad | 2022-08-29 | dhaka',3,'',21,1),(772,'2022-08-29 06:29:27.852710','819','irshad | 2022-08-29 | dhaka',3,'',21,1),(773,'2022-08-29 06:29:27.871057','818','irshad | 2022-08-29 | dhaka',3,'',21,1),(774,'2022-08-29 06:29:27.874593','817','irshad | 2022-08-29 | dhaka',3,'',21,1),(775,'2022-08-29 06:29:27.897534','816','irshad | 2022-08-29 | dhaka',3,'',21,1),(776,'2022-08-29 06:29:27.900858','815','irshad | 2022-08-29 | dhaka',3,'',21,1),(777,'2022-08-29 06:29:27.909850','814','irshad | 2022-08-29 | dhaka',3,'',21,1),(778,'2022-08-29 06:29:27.928747','813','irshad | 2022-08-29 | dhaka',3,'',21,1),(779,'2022-08-29 06:29:27.931404','812','irshad | 2022-08-29 | dhaka',3,'',21,1),(780,'2022-08-29 06:29:27.949547','811','irshad | 2022-08-29 | dhaka',3,'',21,1),(781,'2022-08-29 06:29:27.958138','810','irshad | 2022-08-29 | dhaka',3,'',21,1),(782,'2022-08-29 06:29:27.961032','809','irshad | 2022-08-29 | dhaka',3,'',21,1),(783,'2022-08-29 06:29:27.985672','808','irshad | 2022-08-29 | dhaka',3,'',21,1),(784,'2022-08-29 06:29:27.989778','807','irshad | 2022-08-29 | dhaka',3,'',21,1),(785,'2022-08-29 06:29:28.015213','806','irshad | 2022-08-29 | dhaka',3,'',21,1),(786,'2022-08-29 06:29:28.040026','805','irshad | 2022-08-29 | dhaka',3,'',21,1),(787,'2022-08-29 06:29:28.043856','804','irshad | 2022-08-29 | dhaka',3,'',21,1),(788,'2022-08-29 06:29:28.069188','803','irshad | 2022-08-29 | dhaka',3,'',21,1),(789,'2022-08-29 06:29:28.073239','802','irshad | 2022-08-29 | dhaka',3,'',21,1),(790,'2022-08-29 06:29:28.088812','801','irshad | 2022-08-29 | dhaka',3,'',21,1),(791,'2022-08-29 06:29:28.102968','800','irshad | 2022-08-29 | dhaka',3,'',21,1),(792,'2022-08-29 06:29:28.106170','799','irshad | 2022-08-29 | dhaka',3,'',21,1),(793,'2022-08-29 06:29:28.129464','798','irshad | 2022-08-29 | dhaka',3,'',21,1),(794,'2022-08-29 06:29:28.132575','797','irshad | 2022-08-29 | dhaka',3,'',21,1),(795,'2022-08-29 06:29:28.141050','796','irshad | 2022-08-29 | dhaka',3,'',21,1),(796,'2022-08-29 06:29:28.159467','795','irshad | 2022-08-29 | dhaka',3,'',21,1),(797,'2022-08-29 06:29:28.161889','794','irshad | 2022-08-29 | dhaka',3,'',21,1),(798,'2022-08-29 06:29:28.174292','793','irshad | 2022-08-29 | dhaka',3,'',21,1),(799,'2022-08-29 06:29:28.186817','792','irshad | 2022-08-29 | dhaka',3,'',21,1),(800,'2022-08-29 06:29:28.196283','791','irshad | 2022-08-29 | dhaka',3,'',21,1),(801,'2022-08-29 06:29:28.215272','790','irshad | 2022-08-29 | dhaka',3,'',21,1),(802,'2022-08-29 06:29:28.218522','789','irshad | 2022-08-29 | dhaka',3,'',21,1),(803,'2022-08-29 06:29:28.231789','788','irshad | 2022-08-29 | dhaka',3,'',21,1),(804,'2022-08-29 06:29:28.244753','787','irshad | 2022-08-29 | dhaka',3,'',21,1),(805,'2022-08-29 06:29:28.253475','786','irshad | 2022-08-29 | dhaka',3,'',21,1),(806,'2022-08-29 06:29:28.270981','785','irshad | 2022-08-29 | dhaka',3,'',21,1),(807,'2022-08-29 06:29:28.275435','784','irshad | 2022-08-29 | dhaka',3,'',21,1),(808,'2022-08-29 06:29:28.299679','783','irshad | 2022-08-29 | dhaka',3,'',21,1),(809,'2022-08-29 06:29:28.304054','782','irshad | 2022-08-29 | dhaka',3,'',21,1),(810,'2022-08-29 06:29:28.312768','781','irshad | 2022-08-29 | dhaka',3,'',21,1),(811,'2022-08-29 06:29:28.331121','780','irshad | 2022-08-29 | dhaka',3,'',21,1),(812,'2022-08-29 06:29:28.335903','779','irshad | 2022-08-29 | dhaka',3,'',21,1),(813,'2022-08-29 06:29:28.356809','778','irshad | 2022-08-29 | dhaka',3,'',21,1),(814,'2022-08-29 06:29:28.364208','777','irshad | 2022-08-29 | dhaka',3,'',21,1),(815,'2022-08-29 06:29:28.372184','776','irshad | 2022-08-29 | dhaka',3,'',21,1),(816,'2022-08-29 06:29:28.389976','775','irshad | 2022-08-29 | dhaka',3,'',21,1),(817,'2022-08-29 06:29:28.393209','774','irshad | 2022-08-29 | dhaka',3,'',21,1),(818,'2022-08-29 06:29:28.412349','773','irshad | 2022-08-29 | dhaka',3,'',21,1),(819,'2022-08-29 06:29:28.415681','772','irshad | 2022-08-29 | dhaka',3,'',21,1),(820,'2022-08-29 06:29:28.440967','771','irshad | 2022-08-29 | dhaka',3,'',21,1),(821,'2022-08-29 06:29:28.444456','770','irshad | 2022-08-29 | dhaka',3,'',21,1),(822,'2022-08-29 06:29:28.458494','769','irshad | 2022-08-29 | dhaka',3,'',21,1),(823,'2022-08-29 06:29:28.474320','768','irshad | 2022-08-29 | dhaka',3,'',21,1),(824,'2022-08-29 06:29:28.477742','767','irshad | 2022-08-29 | dhaka',3,'',21,1),(825,'2022-08-29 06:29:28.496238','766','irshad | 2022-08-29 | dhaka',3,'',21,1),(826,'2022-08-29 06:29:28.505281','765','irshad | 2022-08-29 | dhaka',3,'',21,1),(827,'2022-08-29 06:29:28.514099','764','irshad | 2022-08-29 | dhaka',3,'',21,1),(828,'2022-08-29 06:29:28.532312','763','irshad | 2022-08-29 | dhaka',3,'',21,1),(829,'2022-08-29 06:29:28.535972','762','irshad | 2022-08-29 | dhaka',3,'',21,1),(830,'2022-08-29 06:29:28.555931','761','irshad | 2022-08-29 | dhaka',3,'',21,1),(831,'2022-08-29 06:29:28.564558','760','irshad | 2022-08-29 | dhaka',3,'',21,1),(832,'2022-08-29 06:29:28.577877','759','irshad | 2022-08-29 | dhaka',3,'',21,1),(833,'2022-08-29 06:29:28.591009','758','irshad | 2022-08-29 | dhaka',3,'',21,1),(834,'2022-08-29 06:29:28.594304','757','irshad | 2022-08-29 | dhaka',3,'',21,1),(835,'2022-08-29 06:29:28.619452','756','irshad | 2022-08-29 | dhaka',3,'',21,1),(836,'2022-08-29 06:29:28.624486','755','irshad | 2022-08-29 | dhaka',3,'',21,1),(837,'2022-08-29 06:29:28.638278','754','irshad | 2022-08-29 | dhaka',3,'',21,1),(838,'2022-08-29 06:29:28.652413','753','irshad | 2022-08-29 | dhaka',3,'',21,1),(839,'2022-08-29 06:29:28.656680','752','irshad | 2022-08-29 | dhaka',3,'',21,1),(840,'2022-08-29 06:29:28.674581','751','irshad | 2022-08-29 | dhaka',3,'',21,1),(841,'2022-08-29 06:29:28.683264','750','irshad | 2022-08-29 | dhaka',3,'',21,1),(842,'2022-08-29 06:29:28.692392','749','irshad | 2022-08-29 | dhaka',3,'',21,1),(843,'2022-08-29 06:29:28.713855','748','irshad | 2022-08-29 | dhaka',3,'',21,1),(844,'2022-08-29 06:29:28.723263','747','irshad | 2022-08-29 | dhaka',3,'',21,1),(845,'2022-08-29 06:29:28.732389','746','irshad | 2022-08-29 | dhaka',3,'',21,1),(846,'2022-08-29 06:29:28.750572','745','irshad | 2022-08-29 | dhaka',3,'',21,1),(847,'2022-08-29 06:29:28.770433','744','irshad | 2022-08-29 | dhaka',3,'',21,1),(848,'2022-08-29 06:29:28.790079','743','irshad | 2022-08-29 | dhaka',3,'',21,1),(849,'2022-08-29 06:29:28.816646','742','irshad | 2022-08-29 | dhaka',3,'',21,1),(850,'2022-08-29 06:29:28.828053','741','irshad | 2022-08-29 | dhaka',3,'',21,1),(851,'2022-08-29 06:29:28.843570','740','irshad | 2022-08-29 | dhaka',3,'',21,1),(852,'2022-08-29 06:29:28.847866','739','irshad | 2022-08-29 | dhaka',3,'',21,1),(853,'2022-08-29 06:29:28.860560','738','irshad | 2022-08-29 | dhaka',3,'',21,1),(854,'2022-08-29 06:29:28.864495','737','irshad | 2022-08-29 | dhaka',3,'',21,1),(855,'2022-08-29 06:29:28.873336','736','irshad | 2022-08-29 | dhaka',3,'',21,1),(856,'2022-08-29 06:29:28.880829','735','irshad | 2022-08-29 | dhaka',3,'',21,1),(857,'2022-08-29 06:29:28.883175','734','irshad | 2022-08-29 | dhaka',3,'',21,1),(858,'2022-08-29 06:29:28.894018','733','irshad | 2022-08-29 | dhaka',3,'',21,1),(859,'2022-08-29 06:29:28.897351','732','irshad | 2022-08-29 | dhaka',3,'',21,1),(860,'2022-08-29 06:29:28.901872','731','irshad | 2022-08-29 | dhaka',3,'',21,1),(861,'2022-08-29 06:29:28.913062','730','irshad | 2022-08-29 | dhaka',3,'',21,1),(862,'2022-08-29 06:29:28.915587','729','irshad | 2022-08-29 | dhaka',3,'',21,1),(863,'2022-08-29 06:29:28.934933','728','irshad | 2022-08-29 | dhaka',3,'',21,1),(864,'2022-08-29 06:29:28.944648','727','irshad | 2022-08-29 | dhaka',3,'',21,1),(865,'2022-08-29 06:29:28.958355','726','irshad | 2022-08-29 | dhaka',3,'',21,1),(866,'2022-08-29 06:29:28.972736','725','irshad | 2022-08-29 | dhaka',3,'',21,1),(867,'2022-08-29 06:29:28.978573','724','irshad | 2022-08-29 | dhaka',3,'',21,1),(868,'2022-08-29 06:29:29.003406','723','irshad | 2022-08-29 | dhaka',3,'',21,1),(869,'2022-08-29 06:29:29.023015','722','irshad | 2022-08-29 | dhaka',3,'',21,1),(870,'2022-08-29 06:29:29.032778','721','irshad | 2022-08-29 | dhaka',3,'',21,1),(871,'2022-08-29 06:29:29.057484','720','irshad | 2022-08-29 | dhaka',3,'',21,1),(872,'2022-08-29 06:29:29.060619','719','irshad | 2022-08-29 | dhaka',3,'',21,1),(873,'2022-08-29 06:29:29.081201','718','irshad | 2022-08-29 | dhaka',3,'',21,1),(874,'2022-08-29 06:29:29.084454','717','irshad | 2022-08-29 | dhaka',3,'',21,1),(875,'2022-08-29 06:29:29.104226','716','irshad | 2022-08-29 | dhaka',3,'',21,1),(876,'2022-08-29 06:29:29.112009','715','irshad | 2022-08-29 | dhaka',3,'',21,1),(877,'2022-08-29 06:29:29.126269','714','irshad | 2022-08-29 | dhaka',3,'',21,1),(878,'2022-08-29 06:29:29.141321','713','irshad | 2022-08-29 | dhaka',3,'',21,1),(879,'2022-08-29 06:29:29.146035','712','irshad | 2022-08-29 | dhaka',3,'',21,1),(880,'2022-08-29 06:29:29.165390','711','irshad | 2022-08-29 | dhaka',3,'',21,1),(881,'2022-08-29 06:29:29.175418','710','irshad | 2022-08-29 | dhaka',3,'',21,1),(882,'2022-08-29 06:29:29.185543','709','irshad | 2022-08-29 | dhaka',3,'',21,1),(883,'2022-08-29 06:29:29.203849','708','irshad | 2022-08-29 | dhaka',3,'',21,1),(884,'2022-08-29 06:29:29.207190','707','irshad | 2022-08-29 | dhaka',3,'',21,1),(885,'2022-08-29 06:29:29.235278','706','irshad | 2022-08-29 | dhaka',3,'',21,1),(886,'2022-08-29 06:29:29.238396','705','irshad | 2022-08-29 | dhaka',3,'',21,1),(887,'2022-08-29 06:29:29.251808','704','irshad | 2022-08-29 | dhaka',3,'',21,1),(888,'2022-08-29 06:29:29.267044','703','irshad | 2022-08-29 | dhaka',3,'',21,1),(889,'2022-08-29 06:29:29.271879','702','irshad | 2022-08-29 | dhaka',3,'',21,1),(890,'2022-08-29 06:29:29.291744','701','irshad | 2022-08-29 | dhaka',3,'',21,1),(891,'2022-08-29 06:29:29.299448','700','irshad | 2022-08-29 | dhaka',3,'',21,1),(892,'2022-08-29 06:29:29.301565','699','irshad | 2022-08-29 | dhaka',3,'',21,1),(893,'2022-08-29 06:29:29.327687','698','irshad | 2022-08-29 | dhaka',3,'',21,1),(894,'2022-08-29 06:29:29.332227','697','irshad | 2022-08-29 | dhaka',3,'',21,1),(895,'2022-08-29 06:29:29.358079','696','irshad | 2022-08-29 | dhaka',3,'',21,1),(896,'2022-08-29 06:29:29.361207','695','irshad | 2022-08-29 | dhaka',3,'',21,1),(897,'2022-08-29 06:29:29.375094','694','irshad | 2022-08-29 | dhaka',3,'',21,1),(898,'2022-08-29 06:29:29.392128','693','irshad | 2022-08-29 | dhaka',3,'',21,1),(899,'2022-08-29 06:29:29.396011','692','irshad | 2022-08-29 | dhaka',3,'',21,1),(900,'2022-08-29 06:29:29.421150','691','irshad | 2022-08-29 | dhaka',3,'',21,1),(901,'2022-08-29 06:29:29.425204','690','irshad | 2022-08-29 | dhaka',3,'',21,1),(902,'2022-08-29 06:29:29.439200','689','irshad | 2022-08-29 | dhaka',3,'',21,1),(903,'2022-08-29 06:29:29.454748','688','irshad | 2022-08-29 | dhaka',3,'',21,1),(904,'2022-08-29 06:29:29.459021','687','irshad | 2022-08-29 | dhaka',3,'',21,1),(905,'2022-08-29 06:29:29.479091','686','irshad | 2022-08-29 | dhaka',3,'',21,1),(906,'2022-08-29 06:29:29.488681','685','irshad | 2022-08-29 | dhaka',3,'',21,1),(907,'2022-08-29 06:29:29.491248','684','irshad | 2022-08-29 | dhaka',3,'',21,1),(908,'2022-08-29 06:29:29.516903','683','irshad | 2022-08-29 | dhaka',3,'',21,1),(909,'2022-08-29 06:29:29.520148','682','irshad | 2022-08-29 | dhaka',3,'',21,1),(910,'2022-08-29 06:29:29.541209','681','irshad | 2022-08-29 | dhaka',3,'',21,1),(911,'2022-08-29 06:29:29.549128','680','irshad | 2022-08-29 | dhaka',3,'',21,1),(912,'2022-08-29 06:29:29.558350','679','irshad | 2022-08-29 | dhaka',3,'',21,1),(913,'2022-08-29 06:29:29.579114','678','irshad | 2022-08-29 | dhaka',3,'',21,1),(914,'2022-08-29 06:29:29.582384','677','irshad | 2022-08-29 | dhaka',3,'',21,1),(915,'2022-08-29 06:29:29.602408','676','irshad | 2022-08-29 | dhaka',3,'',21,1),(916,'2022-08-29 06:29:29.609839','675','irshad | 2022-08-29 | dhaka',3,'',21,1),(917,'2022-08-29 06:29:29.630594','674','irshad | 2022-08-29 | dhaka',3,'',21,1),(918,'2022-08-29 06:29:29.638846','673','irshad | 2022-08-29 | dhaka',3,'',21,1),(919,'2022-08-29 06:29:29.653571','672','irshad | 2022-08-29 | dhaka',3,'',21,1),(920,'2022-08-29 06:29:29.669276','671','irshad | 2022-08-29 | dhaka',3,'',21,1),(921,'2022-08-29 06:29:29.672526','670','irshad | 2022-08-29 | dhaka',3,'',21,1),(922,'2022-08-29 06:29:29.692621','669','irshad | 2022-08-29 | dhaka',3,'',21,1),(923,'2022-08-29 06:29:29.702410','668','irshad | 2022-08-29 | dhaka',3,'',21,1),(924,'2022-08-29 06:29:29.712892','667','irshad | 2022-08-29 | dhaka',3,'',21,1),(925,'2022-08-29 06:29:29.731764','666','irshad | 2022-08-29 | dhaka',3,'',21,1),(926,'2022-08-29 06:29:29.736214','665','irshad | 2022-08-29 | dhaka',3,'',21,1),(927,'2022-08-29 06:29:29.756161','664','irshad | 2022-08-29 | dhaka',3,'',21,1),(928,'2022-08-29 06:29:29.765051','663','irshad | 2022-08-29 | dhaka',3,'',21,1),(929,'2022-08-29 06:29:29.769114','662','irshad | 2022-08-29 | dhaka',3,'',21,1),(930,'2022-08-29 06:29:29.793784','661','irshad | 2022-08-29 | dhaka',3,'',21,1),(931,'2022-08-29 06:29:29.797140','660','irshad | 2022-08-29 | dhaka',3,'',21,1),(932,'2022-08-29 06:29:29.812475','659','irshad | 2022-08-29 | dhaka',3,'',21,1),(933,'2022-08-29 06:29:29.824217','658','irshad | 2022-08-29 | dhaka',3,'',21,1),(934,'2022-08-29 06:29:29.826497','657','irshad | 2022-08-29 | dhaka',3,'',21,1),(935,'2022-08-29 06:29:29.851691','656','irshad | 2022-08-29 | dhaka',3,'',21,1),(936,'2022-08-29 06:29:29.856236','655','irshad | 2022-08-29 | dhaka',3,'',21,1),(937,'2022-08-29 06:29:29.876228','654','irshad | 2022-08-29 | dhaka',3,'',21,1),(938,'2022-08-29 06:29:29.884780','653','irshad | 2022-08-29 | dhaka',3,'',21,1),(939,'2022-08-29 06:29:29.899490','652','irshad | 2022-08-29 | dhaka',3,'',21,1),(940,'2022-08-29 06:29:29.914797','651','irshad | 2022-08-29 | dhaka',3,'',21,1),(941,'2022-08-29 06:29:29.919329','650','irshad | 2022-08-29 | dhaka',3,'',21,1),(942,'2022-08-29 06:29:29.943882','649','irshad | 2022-08-29 | dhaka',3,'',21,1),(943,'2022-08-29 06:29:29.947370','648','irshad | 2022-08-29 | dhaka',3,'',21,1),(944,'2022-08-29 06:29:29.966845','647','irshad | 2022-08-29 | dhaka',3,'',21,1),(945,'2022-08-29 06:29:29.975419','646','irshad | 2022-08-29 | dhaka',3,'',21,1),(946,'2022-08-29 06:29:29.983826','645','irshad | 2022-08-29 | dhaka',3,'',21,1),(947,'2022-08-29 06:29:30.003386','644','irshad | 2022-08-29 | dhaka',3,'',21,1),(948,'2022-08-29 06:29:30.028669','643','irshad | 2022-08-29 | dhaka',3,'',21,1),(949,'2022-08-29 06:29:30.031854','642','irshad | 2022-08-29 | dhaka',3,'',21,1),(950,'2022-08-29 06:29:30.046422','641','irshad | 2022-08-29 | dhaka',3,'',21,1),(951,'2022-08-29 06:29:30.062281','640','irshad | 2022-08-29 | dhaka',3,'',21,1),(952,'2022-08-29 06:29:30.066982','639','irshad | 2022-08-29 | dhaka',3,'',21,1),(953,'2022-08-29 06:29:30.091427','638','irshad | 2022-08-29 | dhaka',3,'',21,1),(954,'2022-08-29 06:29:30.095326','637','irshad | 2022-08-29 | dhaka',3,'',21,1),(955,'2022-08-29 06:29:30.120280','636','irshad | 2022-08-29 | dhaka',3,'',21,1),(956,'2022-08-29 06:29:30.124964','635','irshad | 2022-08-29 | dhaka',3,'',21,1),(957,'2022-08-29 06:29:30.150557','634','irshad | 2022-08-29 | dhaka',3,'',21,1),(958,'2022-08-29 06:29:30.152535','633','irshad | 2022-08-29 | dhaka',3,'',21,1),(959,'2022-08-29 06:29:30.167555','632','irshad | 2022-08-29 | dhaka',3,'',21,1),(960,'2022-08-29 06:29:30.182557','631','irshad | 2022-08-29 | dhaka',3,'',21,1),(961,'2022-08-29 06:29:30.186257','630','irshad | 2022-08-29 | dhaka',3,'',21,1),(962,'2022-08-29 06:29:30.213331','629','irshad | 2022-08-29 | dhaka',3,'',21,1),(963,'2022-08-29 06:29:30.216470','628','irshad | 2022-08-29 | dhaka',3,'',21,1),(964,'2022-08-29 06:29:30.224875','627','irshad | 2022-08-29 | dhaka',3,'',21,1),(965,'2022-08-29 06:29:30.244552','626','irshad | 2022-08-29 | dhaka',3,'',21,1),(966,'2022-08-29 06:29:30.246935','625','irshad | 2022-08-29 | dhaka',3,'',21,1),(967,'2022-08-29 06:29:30.260457','624','irshad | 2022-08-29 | dhaka',3,'',21,1),(968,'2022-08-29 06:29:30.275206','623','irshad | 2022-08-29 | dhaka',3,'',21,1),(969,'2022-08-29 06:29:30.279822','622','irshad | 2022-08-29 | dhaka',3,'',21,1),(970,'2022-08-29 06:29:30.304599','621','irshad | 2022-08-29 | dhaka',3,'',21,1),(971,'2022-08-29 06:29:30.309101','620','irshad | 2022-08-29 | dhaka',3,'',21,1),(972,'2022-08-29 06:29:30.335224','619','irshad | 2022-08-29 | dhaka',3,'',21,1),(973,'2022-08-29 06:29:30.337174','618','irshad | 2022-08-29 | dhaka',3,'',21,1),(974,'2022-08-29 06:29:30.345160','617','irshad | 2022-08-29 | dhaka',3,'',21,1),(975,'2022-08-29 06:29:30.364280','616','irshad | 2022-08-29 | dhaka',3,'',21,1),(976,'2022-08-29 06:29:30.367192','615','irshad | 2022-08-29 | dhaka',3,'',21,1),(977,'2022-08-29 06:29:30.393934','614','irshad | 2022-08-29 | dhaka',3,'',21,1),(978,'2022-08-29 06:29:30.396537','613','irshad | 2022-08-29 | dhaka',3,'',21,1),(979,'2022-08-29 06:29:30.411637','612','irshad | 2022-08-29 | dhaka',3,'',21,1),(980,'2022-08-29 06:29:30.423978','611','irshad | 2022-08-29 | dhaka',3,'',21,1),(981,'2022-08-29 06:29:30.432889','610','irshad | 2022-08-29 | dhaka',3,'',21,1),(982,'2022-08-29 06:29:30.452586','609','irshad | 2022-08-29 | dhaka',3,'',21,1),(983,'2022-08-29 06:29:30.458253','608','irshad | 2022-08-29 | dhaka',3,'',21,1),(984,'2022-08-29 06:29:30.482566','607','irshad | 2022-08-29 | dhaka',3,'',21,1),(985,'2022-08-29 06:29:30.486271','606','irshad | 2022-08-29 | dhaka',3,'',21,1),(986,'2022-08-29 06:29:30.501010','605','irshad | 2022-08-29 | dhaka',3,'',21,1),(987,'2022-08-29 06:29:30.516041','604','irshad | 2022-08-29 | dhaka',3,'',21,1),(988,'2022-08-29 06:29:30.519481','603','irshad | 2022-08-29 | dhaka',3,'',21,1),(989,'2022-08-29 06:29:30.541516','602','irshad | 2022-08-29 | dhaka',3,'',21,1),(990,'2022-08-29 06:29:30.551028','601','irshad | 2022-08-29 | dhaka',3,'',21,1),(991,'2022-08-29 06:29:30.567384','600','irshad | 2022-08-29 | dhaka',3,'',21,1),(992,'2022-08-29 06:29:30.583011','599','irshad | 2022-08-29 | dhaka',3,'',21,1),(993,'2022-08-29 06:29:30.592965','598','irshad | 2022-08-29 | dhaka',3,'',21,1),(994,'2022-08-29 06:29:30.614481','597','irshad | 2022-08-29 | dhaka',3,'',21,1),(995,'2022-08-29 06:29:30.618492','596','irshad | 2022-08-29 | dhaka',3,'',21,1),(996,'2022-08-29 06:29:30.642420','595','irshad | 2022-08-29 | dhaka',3,'',21,1),(997,'2022-08-29 06:29:30.646208','594','irshad | 2022-08-29 | dhaka',3,'',21,1),(998,'2022-08-29 06:29:30.654427','593','irshad | 2022-08-29 | dhaka',3,'',21,1),(999,'2022-08-29 06:29:30.674258','592','irshad | 2022-08-29 | dhaka',3,'',21,1),(1000,'2022-08-29 06:29:30.679636','591','irshad | 2022-08-29 | dhaka',3,'',21,1),(1001,'2022-08-29 06:29:30.706008','590','irshad | 2022-08-29 | dhaka',3,'',21,1),(1002,'2022-08-29 06:29:30.709465','589','irshad | 2022-08-29 | dhaka',3,'',21,1),(1003,'2022-08-29 06:29:30.734719','588','irshad | 2022-08-29 | dhaka',3,'',21,1),(1004,'2022-08-29 06:29:30.738350','587','irshad | 2022-08-29 | dhaka',3,'',21,1),(1005,'2022-08-29 06:29:30.747597','586','irshad | 2022-08-29 | dhaka',3,'',21,1),(1006,'2022-08-29 06:29:30.767227','585','irshad | 2022-08-29 | dhaka',3,'',21,1),(1007,'2022-08-29 06:29:30.771397','584','irshad | 2022-08-29 | dhaka',3,'',21,1),(1008,'2022-08-29 06:29:30.787312','583','irshad | 2022-08-29 | dhaka',3,'',21,1),(1009,'2022-08-29 06:29:30.802962','582','irshad | 2022-08-29 | dhaka',3,'',21,1),(1010,'2022-08-29 06:29:30.804855','581','irshad | 2022-08-29 | dhaka',3,'',21,1),(1011,'2022-08-29 06:29:30.829120','580','irshad | 2022-08-29 | dhaka',3,'',21,1),(1012,'2022-08-29 06:29:30.832372','579','irshad | 2022-08-29 | dhaka',3,'',21,1),(1013,'2022-08-29 06:29:30.856220','578','irshad | 2022-08-29 | dhaka',3,'',21,1),(1014,'2022-08-29 06:29:30.859936','577','irshad | 2022-08-29 | dhaka',3,'',21,1),(1015,'2022-08-29 06:29:30.875596','576','irshad | 2022-08-29 | dhaka',3,'',21,1),(1016,'2022-08-29 06:29:30.890972','575','irshad | 2022-08-29 | dhaka',3,'',21,1),(1017,'2022-08-29 06:29:30.894742','574','irshad | 2022-08-29 | dhaka',3,'',21,1),(1018,'2022-08-29 06:29:30.921198','573','irshad | 2022-08-29 | dhaka',3,'',21,1),(1019,'2022-08-29 06:29:30.924882','572','irshad | 2022-08-29 | dhaka',3,'',21,1),(1020,'2022-08-29 06:29:30.945657','571','irshad | 2022-08-29 | dhaka',3,'',21,1),(1021,'2022-08-29 06:29:30.955133','570','irshad | 2022-08-29 | dhaka',3,'',21,1),(1022,'2022-08-29 06:29:30.970400','569','irshad | 2022-08-29 | dhaka',3,'',21,1),(1023,'2022-08-29 06:29:30.985291','568','irshad | 2022-08-29 | dhaka',3,'',21,1),(1024,'2022-08-29 06:29:30.988733','567','irshad | 2022-08-29 | dhaka',3,'',21,1),(1025,'2022-08-29 06:29:31.009904','566','irshad | 2022-08-29 | dhaka',3,'',21,1),(1026,'2022-08-29 06:29:31.021066','565','irshad | 2022-08-29 | dhaka',3,'',21,1),(1027,'2022-08-29 06:29:31.043044','564','irshad | 2022-08-29 | dhaka',3,'',21,1),(1028,'2022-08-29 06:29:31.052727','563','irshad | 2022-08-29 | dhaka',3,'',21,1),(1029,'2022-08-29 06:29:31.072076','562','irshad | 2022-08-29 | dhaka',3,'',21,1),(1030,'2022-08-29 06:29:31.075842','561','irshad | 2022-08-29 | dhaka',3,'',21,1),(1031,'2022-08-29 06:29:31.101371','560','irshad | 2022-08-29 | dhaka',3,'',21,1),(1032,'2022-08-29 06:29:31.105945','559','irshad | 2022-08-29 | dhaka',3,'',21,1),(1033,'2022-08-29 06:29:31.114746','558','irshad | 2022-08-29 | dhaka',3,'',21,1),(1034,'2022-08-29 06:29:31.134357','557','irshad | 2022-08-29 | dhaka',3,'',21,1),(1035,'2022-08-29 06:29:31.139254','556','irshad | 2022-08-29 | dhaka',3,'',21,1),(1036,'2022-08-29 06:29:31.162826','555','irshad | 2022-08-29 | dhaka',3,'',21,1),(1037,'2022-08-29 06:29:31.166260','554','irshad | 2022-08-29 | dhaka',3,'',21,1),(1038,'2022-08-29 06:29:31.181565','553','irshad | 2022-08-29 | dhaka',3,'',21,1),(1039,'2022-08-29 06:29:31.195605','552','irshad | 2022-08-29 | dhaka',3,'',21,1),(1040,'2022-08-29 06:29:31.199135','551','irshad | 2022-08-29 | dhaka',3,'',21,1),(1041,'2022-08-29 06:29:31.224860','550','irshad | 2022-08-29 | dhaka',3,'',21,1),(1042,'2022-08-29 06:29:31.227942','549','irshad | 2022-08-29 | dhaka',3,'',21,1),(1043,'2022-08-29 06:29:31.236347','548','irshad | 2022-08-29 | dhaka',3,'',21,1),(1044,'2022-08-29 06:29:31.256432','547','irshad | 2022-08-29 | dhaka',3,'',21,1),(1045,'2022-08-29 06:29:31.259374','546','irshad | 2022-08-29 | dhaka',3,'',21,1),(1046,'2022-08-29 06:29:31.283304','545','irshad | 2022-08-29 | dhaka',3,'',21,1),(1047,'2022-08-29 06:29:31.286982','544','irshad | 2022-08-29 | dhaka',3,'',21,1),(1048,'2022-08-29 06:29:31.300648','543','irshad | 2022-08-29 | dhaka',3,'',21,1),(1049,'2022-08-29 06:29:31.315616','542','irshad | 2022-08-29 | dhaka',3,'',21,1),(1050,'2022-08-29 06:29:31.319544','541','irshad | 2022-08-29 | dhaka',3,'',21,1),(1051,'2022-08-29 06:29:31.340059','540','irshad | 2022-08-29 | dhaka',3,'',21,1),(1052,'2022-08-29 06:29:31.349013','539','irshad | 2022-08-29 | dhaka',3,'',21,1),(1053,'2022-08-29 06:29:31.357254','538','irshad | 2022-08-29 | dhaka',3,'',21,1),(1054,'2022-08-29 06:29:31.376692','537','irshad | 2022-08-29 | dhaka',3,'',21,1),(1055,'2022-08-29 06:29:31.380490','536','irshad | 2022-08-29 | dhaka',3,'',21,1),(1056,'2022-08-29 06:29:31.400214','535','irshad | 2022-08-29 | dhaka',3,'',21,1),(1057,'2022-08-29 06:29:31.410846','534','irshad | 2022-08-29 | dhaka',3,'',21,1),(1058,'2022-08-29 06:29:31.430154','533','irshad | 2022-08-29 | dhaka',3,'',21,1),(1059,'2022-08-29 06:29:31.440196','532','irshad | 2022-08-29 | dhaka',3,'',21,1),(1060,'2022-08-29 06:29:31.443026','531','irshad | 2022-08-29 | dhaka',3,'',21,1),(1061,'2022-08-29 06:29:31.467609','530','irshad | 2022-08-29 | dhaka',3,'',21,1),(1062,'2022-08-29 06:29:31.471876','529','irshad | 2022-08-29 | dhaka',3,'',21,1),(1063,'2022-08-29 06:29:31.497620','528','irshad | 2022-08-29 | dhaka',3,'',21,1),(1064,'2022-08-29 06:29:31.500627','527','irshad | 2022-08-29 | dhaka',3,'',21,1),(1065,'2022-08-29 06:29:31.526546','526','irshad | 2022-08-29 | dhaka',3,'',21,1),(1066,'2022-08-29 06:29:31.529520','525','irshad | 2022-08-29 | dhaka',3,'',21,1),(1067,'2022-08-29 06:29:31.549134','524','irshad | 2022-08-29 | dhaka',3,'',21,1),(1068,'2022-08-29 06:29:31.551591','523','irshad | 2022-08-29 | dhaka',3,'',21,1),(1069,'2022-08-29 06:29:31.571897','522','irshad | 2022-08-29 | dhaka',3,'',21,1),(1070,'2022-08-29 06:29:31.580437','521','irshad | 2022-08-29 | dhaka',3,'',21,1),(1071,'2022-08-29 06:29:31.589980','520','irshad | 2022-08-29 | dhaka',3,'',21,1),(1072,'2022-08-29 06:29:31.610633','519','irshad | 2022-08-29 | dhaka',3,'',21,1),(1073,'2022-08-29 06:29:31.615686','518','irshad | 2022-08-29 | dhaka',3,'',21,1),(1074,'2022-08-29 06:29:31.636299','517','irshad | 2022-08-29 | dhaka',3,'',21,1),(1075,'2022-08-29 06:29:31.645611','516','irshad | 2022-08-29 | dhaka',3,'',21,1),(1076,'2022-08-29 06:29:31.665332','515','irshad | 2022-08-29 | dhaka',3,'',21,1),(1077,'2022-08-29 06:29:31.667630','514','irshad | 2022-08-29 | dhaka',3,'',21,1),(1078,'2022-08-29 06:29:31.681252','513','irshad | 2022-08-29 | dhaka',3,'',21,1),(1079,'2022-08-29 06:29:31.695777','512','irshad | 2022-08-29 | dhaka',3,'',21,1),(1080,'2022-08-29 06:29:31.699136','511','irshad | 2022-08-29 | dhaka',3,'',21,1),(1081,'2022-08-29 06:29:31.724727','510','irshad | 2022-08-29 | dhaka',3,'',21,1),(1082,'2022-08-29 06:29:31.729057','509','irshad | 2022-08-29 | dhaka',3,'',21,1),(1083,'2022-08-29 06:29:31.748652','508','irshad | 2022-08-29 | dhaka',3,'',21,1),(1084,'2022-08-29 06:29:31.759108','507','irshad | 2022-08-29 | dhaka',3,'',21,1),(1085,'2022-08-29 06:29:31.775228','506','irshad | 2022-08-29 | dhaka',3,'',21,1),(1086,'2022-08-29 06:29:31.790805','505','irshad | 2022-08-29 | dhaka',3,'',21,1),(1087,'2022-08-29 06:29:31.793419','504','irshad | 2022-08-29 | dhaka',3,'',21,1),(1088,'2022-08-29 06:29:31.818048','503','irshad | 2022-08-29 | dhaka',3,'',21,1),(1089,'2022-08-29 06:29:31.822827','502','irshad | 2022-08-29 | dhaka',3,'',21,1),(1090,'2022-08-29 06:29:31.832060','501','irshad | 2022-08-29 | dhaka',3,'',21,1),(1091,'2022-08-29 06:29:31.850398','500','irshad | 2022-08-29 | dhaka',3,'',21,1),(1092,'2022-08-29 06:29:31.854303','499','irshad | 2022-08-29 | dhaka',3,'',21,1),(1093,'2022-08-29 06:29:31.878576','498','irshad | 2022-08-29 | dhaka',3,'',21,1),(1094,'2022-08-29 06:29:31.882193','497','irshad | 2022-08-29 | dhaka',3,'',21,1),(1095,'2022-08-29 06:29:31.896473','496','irshad | 2022-08-29 | dhaka',3,'',21,1),(1096,'2022-08-29 06:29:31.911716','495','irshad | 2022-08-29 | dhaka',3,'',21,1),(1097,'2022-08-29 06:29:31.915578','494','irshad | 2022-08-29 | dhaka',3,'',21,1),(1098,'2022-08-29 06:29:31.939415','493','irshad | 2022-08-29 | dhaka',3,'',21,1),(1099,'2022-08-29 06:29:31.943583','492','irshad | 2022-08-29 | dhaka',3,'',21,1),(1100,'2022-08-29 06:29:31.970228','491','irshad | 2022-08-29 | dhaka',3,'',21,1),(1101,'2022-08-29 06:29:31.974890','490','irshad | 2022-08-29 | dhaka',3,'',21,1),(1102,'2022-08-29 06:29:31.985256','489','irshad | 2022-08-29 | dhaka',3,'',21,1),(1103,'2022-08-29 06:29:32.005971','488','irshad | 2022-08-29 | dhaka',3,'',21,1),(1104,'2022-08-29 06:29:32.030404','487','irshad | 2022-08-29 | dhaka',3,'',21,1),(1105,'2022-08-29 06:29:32.033335','486','irshad | 2022-08-29 | dhaka',3,'',21,1),(1106,'2022-08-29 06:29:32.047136','485','irshad | 2022-08-29 | dhaka',3,'',21,1),(1107,'2022-08-29 06:29:32.063922','484','irshad | 2022-08-29 | dhaka',3,'',21,1),(1108,'2022-08-29 06:29:32.068952','483','irshad | 2022-08-29 | dhaka',3,'',21,1),(1109,'2022-08-29 06:29:32.092910','482','irshad | 2022-08-29 | dhaka',3,'',21,1),(1110,'2022-08-29 06:29:32.095483','481','irshad | 2022-08-29 | dhaka',3,'',21,1),(1111,'2022-08-29 06:29:32.103424','480','irshad | 2022-08-29 | dhaka',3,'',21,1),(1112,'2022-08-29 06:29:32.123012','479','irshad | 2022-08-29 | dhaka',3,'',21,1),(1113,'2022-08-29 06:29:32.126601','478','irshad | 2022-08-29 | dhaka',3,'',21,1),(1114,'2022-08-29 06:29:32.150741','477','irshad | 2022-08-29 | dhaka',3,'',21,1),(1115,'2022-08-29 06:29:32.155002','476','irshad | 2022-08-29 | dhaka',3,'',21,1),(1116,'2022-08-29 06:29:32.182498','475','irshad | 2022-08-29 | dhaka',3,'',21,1),(1117,'2022-08-29 06:29:32.188864','474','irshad | 2022-08-29 | dhaka',3,'',21,1),(1118,'2022-08-29 06:29:32.209486','473','irshad | 2022-08-29 | dhaka',3,'',21,1),(1119,'2022-08-29 06:29:32.218096','472','irshad | 2022-08-29 | dhaka',3,'',21,1),(1120,'2022-08-29 06:29:32.238259','471','irshad | 2022-08-29 | dhaka',3,'',21,1),(1121,'2022-08-29 06:29:32.248103','470','irshad | 2022-08-29 | dhaka',3,'',21,1),(1122,'2022-08-29 06:29:32.287763','469','irshad | 2022-08-29 | dhaka',3,'',21,1),(1123,'2022-08-29 06:29:32.301276','468','irshad | 2022-08-29 | dhaka',3,'',21,1),(1124,'2022-08-29 06:29:32.304366','467','irshad | 2022-08-29 | dhaka',3,'',21,1),(1125,'2022-08-29 06:29:32.323300','466','irshad | 2022-08-29 | dhaka',3,'',21,1),(1126,'2022-08-29 06:29:32.333095','465','irshad | 2022-08-29 | dhaka',3,'',21,1),(1127,'2022-08-29 06:29:32.342814','464','irshad | 2022-08-29 | dhaka',3,'',21,1),(1128,'2022-08-29 06:29:32.362151','463','irshad | 2022-08-29 | dhaka',3,'',21,1),(1129,'2022-08-29 06:29:32.366024','462','irshad | 2022-08-29 | dhaka',3,'',21,1),(1130,'2022-08-29 06:29:32.391261','461','irshad | 2022-08-29 | dhaka',3,'',21,1),(1131,'2022-08-29 06:29:32.394760','460','irshad | 2022-08-29 | dhaka',3,'',21,1),(1132,'2022-08-29 06:29:32.413596','459','irshad | 2022-08-29 | dhaka',3,'',21,1),(1133,'2022-08-29 06:29:32.422161','458','irshad | 2022-08-29 | dhaka',3,'',21,1),(1134,'2022-08-29 06:29:32.436894','457','irshad | 2022-08-29 | dhaka',3,'',21,1),(1135,'2022-08-29 06:29:32.451739','456','irshad | 2022-08-29 | dhaka',3,'',21,1),(1136,'2022-08-29 06:29:32.455631','455','irshad | 2022-08-29 | dhaka',3,'',21,1),(1137,'2022-08-29 06:29:32.475666','454','irshad | 2022-08-29 | dhaka',3,'',21,1),(1138,'2022-08-29 06:29:32.485356','453','irshad | 2022-08-29 | dhaka',3,'',21,1),(1139,'2022-08-29 06:29:32.493427','452','irshad | 2022-08-29 | dhaka',3,'',21,1),(1140,'2022-08-29 06:29:32.511427','451','irshad | 2022-08-29 | dhaka',3,'',21,1),(1141,'2022-08-29 06:29:32.514504','450','irshad | 2022-08-29 | dhaka',3,'',21,1),(1142,'2022-08-29 06:29:32.538055','449','irshad | 2022-08-29 | dhaka',3,'',21,1),(1143,'2022-08-29 06:29:32.542232','448','irshad | 2022-08-29 | dhaka',3,'',21,1),(1144,'2022-08-29 06:29:32.563802','447','irshad | 2022-08-29 | dhaka',3,'',21,1),(1145,'2022-08-29 06:29:32.573485','446','irshad | 2022-08-29 | dhaka',3,'',21,1),(1146,'2022-08-29 06:29:32.588623','445','irshad | 2022-08-29 | dhaka',3,'',21,1),(1147,'2022-08-29 06:29:32.603068','444','irshad | 2022-08-29 | dhaka',3,'',21,1),(1148,'2022-08-29 06:29:32.606209','443','irshad | 2022-08-29 | dhaka',3,'',21,1),(1149,'2022-08-29 06:29:32.620435','442','irshad | 2022-08-29 | dhaka',3,'',21,1),(1150,'2022-08-29 06:29:32.636977','441','irshad | 2022-08-29 | dhaka',3,'',21,1),(1151,'2022-08-29 06:29:32.641212','440','irshad | 2022-08-29 | dhaka',3,'',21,1),(1152,'2022-08-29 06:29:32.665422','439','irshad | 2022-08-29 | dhaka',3,'',21,1),(1153,'2022-08-29 06:29:32.669320','438','irshad | 2022-08-29 | dhaka',3,'',21,1),(1154,'2022-08-29 06:29:32.685663','437','irshad | 2022-08-29 | dhaka',3,'',21,1),(1155,'2022-08-29 06:29:32.702011','436','irshad | 2022-08-29 | dhaka',3,'',21,1),(1156,'2022-08-29 06:29:32.704519','435','irshad | 2022-08-29 | dhaka',3,'',21,1),(1157,'2022-08-29 06:29:32.735747','434','irshad | 2022-08-29 | dhaka',3,'',21,1),(1158,'2022-08-29 06:29:32.739357','433','irshad | 2022-08-29 | dhaka',3,'',21,1),(1159,'2022-08-29 06:29:32.751908','432','irshad | 2022-08-29 | dhaka',3,'',21,1),(1160,'2022-08-29 06:29:32.775138','431','irshad | 2022-08-29 | dhaka',3,'',21,1),(1161,'2022-08-29 06:29:32.780559','430','irshad | 2022-08-29 | dhaka',3,'',21,1),(1162,'2022-08-29 06:29:32.810601','429','irshad | 2022-08-29 | dhaka',3,'',21,1),(1163,'2022-08-29 06:29:32.813481','428','irshad | 2022-08-29 | dhaka',3,'',21,1),(1164,'2022-08-29 06:29:32.838663','427','irshad | 2022-08-29 | dhaka',3,'',21,1),(1165,'2022-08-29 06:29:32.842927','426','irshad | 2022-08-29 | dhaka',3,'',21,1),(1166,'2022-08-29 06:29:32.863199','425','irshad | 2022-08-29 | dhaka',3,'',21,1),(1167,'2022-08-29 06:29:32.872701','424','irshad | 2022-08-29 | dhaka',3,'',21,1),(1168,'2022-08-29 06:29:32.900085','423','irshad | 2022-08-29 | dhaka',3,'',21,1),(1169,'2022-08-29 06:29:32.905305','422','irshad | 2022-08-29 | dhaka',3,'',21,1),(1170,'2022-08-29 06:29:32.924267','421','irshad | 2022-08-29 | dhaka',3,'',21,1),(1171,'2022-08-29 06:29:32.933668','420','irshad | 2022-08-29 | dhaka',3,'',21,1),(1172,'2022-08-29 06:29:32.938453','419','irshad | 2022-08-29 | dhaka',3,'',21,1),(1173,'2022-08-29 06:29:32.962005','418','irshad | 2022-08-29 | dhaka',3,'',21,1),(1174,'2022-08-29 06:29:32.965196','417','irshad | 2022-08-29 | dhaka',3,'',21,1),(1175,'2022-08-29 06:29:32.973519','416','irshad | 2022-08-29 | dhaka',3,'',21,1),(1176,'2022-08-29 06:29:32.992610','415','irshad | 2022-08-29 | dhaka',3,'',21,1),(1177,'2022-08-29 06:29:32.994911','414','irshad | 2022-08-29 | dhaka',3,'',21,1),(1178,'2022-08-29 06:29:33.008643','413','irshad | 2022-08-29 | dhaka',3,'',21,1),(1179,'2022-08-29 06:29:33.017706','412','irshad | 2022-08-29 | dhaka',3,'',21,1),(1180,'2022-08-29 06:29:33.037069','411','irshad | 2022-08-29 | dhaka',3,'',21,1),(1181,'2022-08-29 06:29:33.046443','410','irshad | 2022-08-29 | dhaka',3,'',21,1),(1182,'2022-08-29 06:29:33.050185','409','irshad | 2022-08-29 | dhaka',3,'',21,1),(1183,'2022-08-29 06:29:33.075394','408','irshad | 2022-08-29 | dhaka',3,'',21,1),(1184,'2022-08-29 06:29:33.079684','407','irshad | 2022-08-29 | dhaka',3,'',21,1),(1185,'2022-08-29 06:29:33.099590','406','irshad | 2022-08-29 | dhaka',3,'',21,1),(1186,'2022-08-29 06:29:33.108899','405','irshad | 2022-08-29 | dhaka',3,'',21,1),(1187,'2022-08-29 06:29:33.122569','404','irshad | 2022-08-29 | dhaka',3,'',21,1),(1188,'2022-08-29 06:29:33.136603','403','irshad | 2022-08-29 | dhaka',3,'',21,1),(1189,'2022-08-29 06:29:33.139536','402','irshad | 2022-08-29 | dhaka',3,'',21,1),(1190,'2022-08-29 06:29:33.167536','401','irshad | 2022-08-29 | dhaka',3,'',21,1),(1191,'2022-08-29 06:29:33.172048','400','irshad | 2022-08-29 | dhaka',3,'',21,1),(1192,'2022-08-29 06:29:33.180153','399','irshad | 2022-08-29 | dhaka',3,'',21,1),(1193,'2022-08-29 06:29:33.198990','398','irshad | 2022-08-29 | dhaka',3,'',21,1),(1194,'2022-08-29 06:29:33.202408','397','irshad | 2022-08-29 | dhaka',3,'',21,1),(1195,'2022-08-29 06:29:33.226389','396','irshad | 2022-08-29 | dhaka',3,'',21,1),(1196,'2022-08-29 06:29:33.229968','395','irshad | 2022-08-29 | dhaka',3,'',21,1),(1197,'2022-08-29 06:29:33.249056','394','irshad | 2022-08-29 | dhaka',3,'',21,1),(1198,'2022-08-29 06:29:33.258192','393','irshad | 2022-08-29 | dhaka',3,'',21,1),(1199,'2022-08-29 06:29:33.261889','392','irshad | 2022-08-29 | dhaka',3,'',21,1),(1200,'2022-08-29 06:29:33.286646','391','irshad | 2022-08-29 | dhaka',3,'',21,1),(1201,'2022-08-29 06:29:33.291947','390','irshad | 2022-08-29 | dhaka',3,'',21,1),(1202,'2022-08-29 06:29:33.316237','389','irshad | 2022-08-29 | dhaka',3,'',21,1),(1203,'2022-08-29 06:29:33.318875','388','irshad | 2022-08-29 | dhaka',3,'',21,1),(1204,'2022-08-29 06:29:33.344986','387','irshad | 2022-08-29 | dhaka',3,'',21,1),(1205,'2022-08-29 06:29:33.374125','386','irshad | 2022-08-29 | dhaka',3,'',21,1),(1206,'2022-08-29 06:29:33.377045','385','irshad | 2022-08-29 | dhaka',3,'',21,1),(1207,'2022-08-29 06:29:33.403331','384','irshad | 2022-08-29 | dhaka',3,'',21,1),(1208,'2022-08-29 06:29:33.406040','383','irshad | 2022-08-29 | dhaka',3,'',21,1),(1209,'2022-08-29 06:29:33.426216','382','irshad | 2022-08-29 | dhaka',3,'',21,1),(1210,'2022-08-29 06:29:33.436401','381','irshad | 2022-08-29 | dhaka',3,'',21,1),(1211,'2022-08-29 06:29:33.455822','380','irshad | 2022-08-29 | dhaka',3,'',21,1),(1212,'2022-08-29 06:29:33.464271','379','irshad | 2022-08-29 | dhaka',3,'',21,1),(1213,'2022-08-29 06:29:33.466808','378','irshad | 2022-08-29 | dhaka',3,'',21,1),(1214,'2022-08-29 06:29:33.492066','377','irshad | 2022-08-29 | dhaka',3,'',21,1),(1215,'2022-08-29 06:29:33.495339','376','irshad | 2022-08-29 | dhaka',3,'',21,1),(1216,'2022-08-29 06:29:33.515478','375','irshad | 2022-08-29 | dhaka',3,'',21,1),(1217,'2022-08-29 06:29:33.523032','374','irshad | 2022-08-29 | dhaka',3,'',21,1),(1218,'2022-08-29 06:29:33.543147','373','irshad | 2022-08-29 | dhaka',3,'',21,1),(1219,'2022-08-29 06:29:33.552205','372','irshad | 2022-08-29 | dhaka',3,'',21,1),(1220,'2022-08-29 06:29:33.566191','371','irshad | 2022-08-29 | dhaka',3,'',21,1),(1221,'2022-08-29 06:29:33.579896','370','irshad | 2022-08-29 | dhaka',3,'',21,1),(1222,'2022-08-29 06:29:33.583867','369','irshad | 2022-08-29 | dhaka',3,'',21,1),(1223,'2022-08-29 06:29:33.603830','368','irshad | 2022-08-29 | dhaka',3,'',21,1),(1224,'2022-08-29 06:29:33.614058','367','irshad | 2022-08-29 | dhaka',3,'',21,1),(1225,'2022-08-29 06:29:33.621892','366','irshad | 2022-08-29 | dhaka',3,'',21,1),(1226,'2022-08-29 06:29:33.640930','365','irshad | 2022-08-29 | dhaka',3,'',21,1),(1227,'2022-08-29 06:29:33.644295','364','irshad | 2022-08-29 | dhaka',3,'',21,1),(1228,'2022-08-29 06:29:33.663932','363','irshad | 2022-08-29 | dhaka',3,'',21,1),(1229,'2022-08-29 06:29:33.672820','362','irshad | 2022-08-29 | dhaka',3,'',21,1),(1230,'2022-08-29 06:29:33.682410','361','irshad | 2022-08-29 | dhaka',3,'',21,1),(1231,'2022-08-29 06:29:33.702417','360','irshad | 2022-08-29 | dhaka',3,'',21,1),(1232,'2022-08-29 06:29:33.705790','359','irshad | 2022-08-29 | dhaka',3,'',21,1),(1233,'2022-08-29 06:29:33.729765','358','irshad | 2022-08-29 | dhaka',3,'',21,1),(1234,'2022-08-29 06:29:33.732517','357','irshad | 2022-08-29 | dhaka',3,'',21,1),(1235,'2022-08-29 06:29:33.739932','356','irshad | 2022-08-29 | dhaka',3,'',21,1),(1236,'2022-08-29 06:29:33.760170','355','irshad | 2022-08-29 | dhaka',3,'',21,1),(1237,'2022-08-29 06:29:33.764098','354','irshad | 2022-08-29 | dhaka',3,'',21,1),(1238,'2022-08-29 06:29:33.789710','353','irshad | 2022-08-29 | dhaka',3,'',21,1),(1239,'2022-08-29 06:29:33.793594','352','irshad | 2022-08-29 | dhaka',3,'',21,1),(1240,'2022-08-29 06:29:33.801934','351','irshad | 2022-08-29 | dhaka',3,'',21,1),(1241,'2022-08-29 06:29:33.823237','350','irshad | 2022-08-29 | dhaka',3,'',21,1),(1242,'2022-08-29 06:29:33.826752','349','irshad | 2022-08-29 | dhaka',3,'',21,1),(1243,'2022-08-29 06:29:33.845263','348','irshad | 2022-08-29 | dhaka',3,'',21,1),(1244,'2022-08-29 06:29:33.856300','347','irshad | 2022-08-29 | dhaka',3,'',21,1),(1245,'2022-08-29 06:29:33.866656','346','irshad | 2022-08-29 | dhaka',3,'',21,1),(1246,'2022-08-29 06:29:33.885867','345','irshad | 2022-08-29 | dhaka',3,'',21,1),(1247,'2022-08-29 06:29:33.888868','344','irshad | 2022-08-29 | dhaka',3,'',21,1),(1248,'2022-08-29 06:29:33.913415','343','irshad | 2022-08-29 | dhaka',3,'',21,1),(1249,'2022-08-29 06:29:33.916230','342','irshad | 2022-08-29 | dhaka',3,'',21,1),(1250,'2022-08-29 06:29:33.942094','341','irshad | 2022-08-29 | dhaka',3,'',21,1),(1251,'2022-08-29 06:29:33.948046','340','irshad | 2022-08-29 | dhaka',3,'',21,1),(1252,'2022-08-29 06:29:33.956004','339','irshad | 2022-08-29 | dhaka',3,'',21,1),(1253,'2022-08-29 06:29:33.975749','338','irshad | 2022-08-29 | dhaka',3,'',21,1),(1254,'2022-08-29 06:29:33.980290','337','irshad | 2022-08-29 | dhaka',3,'',21,1),(1255,'2022-08-29 06:29:34.003857','336','irshad | 2022-08-29 | dhaka',3,'',21,1),(1256,'2022-08-29 06:29:34.019663','335','irshad | 2022-08-29 | dhaka',3,'',21,1),(1257,'2022-08-29 06:29:34.036271','334','irshad | 2022-08-29 | dhaka',3,'',21,1),(1258,'2022-08-29 06:29:34.041320','333','irshad | 2022-08-29 | dhaka',3,'',21,1),(1259,'2022-08-29 06:29:34.065065','332','irshad | 2022-08-29 | dhaka',3,'',21,1),(1260,'2022-08-29 06:29:34.068296','331','irshad | 2022-08-29 | dhaka',3,'',21,1),(1261,'2022-08-29 06:29:34.076956','330','irshad | 2022-08-29 | dhaka',3,'',21,1),(1262,'2022-08-29 06:29:34.095604','329','irshad | 2022-08-29 | dhaka',3,'',21,1),(1263,'2022-08-29 06:29:34.099784','328','irshad | 2022-08-29 | dhaka',3,'',21,1),(1264,'2022-08-29 06:29:34.127761','327','irshad | 2022-08-29 | dhaka',3,'',21,1),(1265,'2022-08-29 06:29:34.131785','326','irshad | 2022-08-29 | dhaka',3,'',21,1),(1266,'2022-08-29 06:29:34.156655','325','irshad | 2022-08-29 | dhaka',3,'',21,1),(1267,'2022-08-29 06:29:34.160033','324','irshad | 2022-08-29 | dhaka',3,'',21,1),(1268,'2022-08-29 06:29:34.174982','323','irshad | 2022-08-29 | dhaka',3,'',21,1),(1269,'2022-08-29 06:29:34.195029','322','irshad | 2022-08-29 | dhaka',3,'',21,1),(1270,'2022-08-29 06:29:34.210069','321','irshad | 2022-08-29 | dhaka',3,'',21,1),(1271,'2022-08-29 06:29:34.223095','320','irshad | 2022-08-29 | dhaka',3,'',21,1),(1272,'2022-08-29 06:29:34.237343','319','irshad | 2022-08-29 | dhaka',3,'',21,1),(1273,'2022-08-29 06:29:34.251489','318','irshad | 2022-08-29 | dhaka',3,'',21,1),(1274,'2022-08-29 06:29:34.257709','317','irshad | 2022-08-29 | dhaka',3,'',21,1),(1275,'2022-08-29 06:29:34.276745','316','irshad | 2022-08-29 | dhaka',3,'',21,1),(1276,'2022-08-29 06:29:34.284632','315','irshad | 2022-08-29 | dhaka',3,'',21,1),(1277,'2022-08-29 06:29:34.289498','314','irshad | 2022-08-29 | dhaka',3,'',21,1),(1278,'2022-08-29 06:29:34.315067','313','irshad | 2022-08-29 | dhaka',3,'',21,1),(1279,'2022-08-29 06:29:34.335883','312','irshad | 2022-08-29 | dhaka',3,'',21,1),(1280,'2022-08-29 06:29:34.345266','311','irshad | 2022-08-29 | dhaka',3,'',21,1),(1281,'2022-08-29 06:29:34.364619','310','irshad | 2022-08-29 | dhaka',3,'',21,1),(1282,'2022-08-29 06:29:34.373042','309','irshad | 2022-08-29 | dhaka',3,'',21,1),(1283,'2022-08-29 06:29:34.381971','308','irshad | 2022-08-29 | dhaka',3,'',21,1),(1284,'2022-08-29 06:29:34.401394','307','irshad | 2022-08-29 | dhaka',3,'',21,1),(1285,'2022-08-29 06:29:34.405264','306','irshad | 2022-08-29 | dhaka',3,'',21,1),(1286,'2022-08-29 06:29:34.429529','305','irshad | 2022-08-29 | dhaka',3,'',21,1),(1287,'2022-08-29 06:29:34.433998','304','irshad | 2022-08-29 | dhaka',3,'',21,1),(1288,'2022-08-29 06:29:34.450157','303','irshad | 2022-08-29 | dhaka',3,'',21,1),(1289,'2022-08-29 06:29:34.466625','302','irshad | 2022-08-29 | dhaka',3,'',21,1),(1290,'2022-08-29 06:29:34.475817','301','irshad | 2022-08-29 | dhaka',3,'',21,1),(1291,'2022-08-29 06:29:34.495066','300','irshad | 2022-08-29 | dhaka',3,'',21,1),(1292,'2022-08-29 06:29:34.498367','299','irshad | 2022-08-29 | dhaka',3,'',21,1),(1293,'2022-08-29 06:30:46.963401','17','Nasif | Computer World | rajshahi | 10000',3,'',7,1),(1294,'2022-08-29 06:30:46.968287','16','Nasif | Computer World | rajshahi | 50000',3,'',7,1),(1295,'2022-08-29 06:30:46.981937','15','Nasif | Computer World | rajshahi | 45000',3,'',7,1),(1296,'2022-08-29 06:30:46.997114','14','Nasif | Computer World | rajshahi | 36000',3,'',7,1),(1297,'2022-08-29 06:30:47.005531','13','Nasif | Computer World | rajshahi | 32000',3,'',7,1),(1298,'2022-08-29 06:35:03.978170','19','Nasif | Computer World | rajshahi | 234',3,'',7,1),(1299,'2022-08-29 06:35:03.984689','18','Nasif | Computer World | rajshahi | 300',3,'',7,1),(1300,'2022-08-29 06:41:31.465237','1','Nasif | Computer World | rajshahi',2,'[{\"changed\": {\"fields\": [\"Coord\"]}}]',18,1),(1301,'2022-08-29 06:57:00.436334','20','Nasif | Computer World | rajshahi | 300',2,'[{\"changed\": {\"fields\": [\"End time\"]}}]',7,1);
/*!40000 ALTER TABLE `django_admin_log` ENABLE KEYS */;
UNLOCK TABLES;

--
-- Table structure for table `django_content_type`
--

DROP TABLE IF EXISTS `django_content_type`;
/*!40101 SET @saved_cs_client     = @@character_set_client */;
/*!50503 SET character_set_client = utf8mb4 */;
CREATE TABLE `django_content_type` (
  `id` int NOT NULL AUTO_INCREMENT,
  `app_label` varchar(100) NOT NULL,
  `model` varchar(100) NOT NULL,
  PRIMARY KEY (`id`),
  UNIQUE KEY `django_content_type_app_label_model_76bd3d3b_uniq` (`app_label`,`model`)
) ENGINE=InnoDB AUTO_INCREMENT=27 DEFAULT CHARSET=utf8mb4 COLLATE=utf8mb4_0900_ai_ci;
/*!40101 SET character_set_client = @saved_cs_client */;

--
-- Dumping data for table `django_content_type`
--

LOCK TABLES `django_content_type` WRITE;
/*!40000 ALTER TABLE `django_content_type` DISABLE KEYS */;
INSERT INTO `django_content_type` VALUES (1,'admin','logentry'),(3,'auth','group'),(2,'auth','permission'),(4,'auth','user'),(5,'contenttypes','contenttype'),(7,'global_controller','auction'),(25,'global_controller','auction_order'),(24,'global_controller','bid'),(8,'global_controller','brand'),(9,'global_controller','category'),(10,'global_controller','customer'),(11,'global_controller','deliveryman'),(12,'global_controller','hub'),(23,'global_controller','hubman'),(22,'global_controller','inventory'),(13,'global_controller','order'),(21,'global_controller','order_set'),(14,'global_controller','order_status'),(26,'global_controller','packageitem'),(20,'global_controller','product'),(19,'global_controller','return'),(18,'global_controller','seller'),(15,'global_controller','transaction'),(17,'global_controller','user'),(16,'global_controller','usertype'),(6,'sessions','session');
/*!40000 ALTER TABLE `django_content_type` ENABLE KEYS */;
UNLOCK TABLES;

--
-- Table structure for table `django_migrations`
--

DROP TABLE IF EXISTS `django_migrations`;
/*!40101 SET @saved_cs_client     = @@character_set_client */;
/*!50503 SET character_set_client = utf8mb4 */;
CREATE TABLE `django_migrations` (
  `id` bigint NOT NULL AUTO_INCREMENT,
  `app` varchar(255) NOT NULL,
  `name` varchar(255) NOT NULL,
  `applied` datetime(6) NOT NULL,
  PRIMARY KEY (`id`)
) ENGINE=InnoDB AUTO_INCREMENT=41 DEFAULT CHARSET=utf8mb4 COLLATE=utf8mb4_0900_ai_ci;
/*!40101 SET character_set_client = @saved_cs_client */;

--
-- Dumping data for table `django_migrations`
--

LOCK TABLES `django_migrations` WRITE;
/*!40000 ALTER TABLE `django_migrations` DISABLE KEYS */;
INSERT INTO `django_migrations` VALUES (1,'contenttypes','0001_initial','2022-07-17 14:52:24.148804'),(2,'auth','0001_initial','2022-07-17 14:52:26.280829'),(3,'admin','0001_initial','2022-07-17 14:52:26.729785'),(4,'admin','0002_logentry_remove_auto_add','2022-07-17 14:52:26.759588'),(5,'admin','0003_logentry_add_action_flag_choices','2022-07-17 14:52:26.780079'),(6,'contenttypes','0002_remove_content_type_name','2022-07-17 14:52:26.990303'),(7,'auth','0002_alter_permission_name_max_length','2022-07-17 14:52:27.203076'),(8,'auth','0003_alter_user_email_max_length','2022-07-17 14:52:27.270767'),(9,'auth','0004_alter_user_username_opts','2022-07-17 14:52:27.288713'),(10,'auth','0005_alter_user_last_login_null','2022-07-17 14:52:27.462472'),(11,'auth','0006_require_contenttypes_0002','2022-07-17 14:52:27.489983'),(12,'auth','0007_alter_validators_add_error_messages','2022-07-17 14:52:27.508770'),(13,'auth','0008_alter_user_username_max_length','2022-07-17 14:52:27.734111'),(14,'auth','0009_alter_user_last_name_max_length','2022-07-17 14:52:27.945190'),(15,'auth','0010_alter_group_name_max_length','2022-07-17 14:52:28.008291'),(16,'auth','0011_update_proxy_permissions','2022-07-17 14:52:28.027077'),(17,'auth','0012_alter_user_first_name_max_length','2022-07-17 14:52:28.215883'),(18,'global_controller','0001_initial','2022-07-17 14:52:34.808249'),(19,'sessions','0001_initial','2022-07-17 14:52:34.961684'),(20,'global_controller','0002_alter_order_deliveryman','2022-07-27 14:30:06.734747'),(21,'global_controller','0003_alter_order_product','2022-07-27 14:32:06.128401'),(22,'global_controller','0004_alter_customer_name','2022-08-01 10:27:01.040971'),(23,'global_controller','0005_alter_user_username','2022-08-01 10:28:09.775201'),(24,'global_controller','0006_seller_coord','2022-08-15 04:43:08.705998'),(25,'global_controller','0007_inventory_inventory_image','2022-08-15 09:05:15.724353'),(26,'global_controller','0008_alter_inventory_inventory_image','2022-08-18 02:22:03.015538'),(27,'global_controller','0009_alter_inventory_inventory_image','2022-08-18 02:30:19.166769'),(28,'global_controller','0010_customer_mail','2022-08-18 06:09:42.769222'),(29,'global_controller','0011_remove_auction_product_auction_inventory','2022-08-18 07:50:14.323707'),(30,'global_controller','0012_auction_is_package_packageitem','2022-08-24 02:56:54.613846'),(31,'global_controller','0013_remove_packageitem_end_time_alter_auction_quantity','2022-08-24 02:56:54.931269'),(32,'global_controller','0014_alter_auction_inventory_alter_packageitem_auction_and_more','2022-08-24 02:56:56.426726'),(33,'global_controller','0015_remove_bid_auction_auction_bid','2022-08-24 03:59:49.146842'),(34,'global_controller','0016_remove_hubman_designation','2022-08-24 10:59:21.702931'),(35,'global_controller','0017_remove_auction_order_auction_auction_auction_order','2022-08-24 14:22:24.461701'),(36,'global_controller','0018_auction_auction_name','2022-08-25 03:25:54.978860'),(37,'global_controller','0019_remove_auction_auction_order_and_more','2022-08-25 03:25:56.124292'),(38,'global_controller','0018_remove_deliveryman_current_hub_and_more','2022-08-28 13:43:24.934759'),(39,'global_controller','0020_customer_coord','2022-08-28 20:07:05.747232'),(40,'global_controller','0021_hub_coord','2022-08-28 20:52:28.246596');
/*!40000 ALTER TABLE `django_migrations` ENABLE KEYS */;
UNLOCK TABLES;

--
-- Table structure for table `django_session`
--

DROP TABLE IF EXISTS `django_session`;
/*!40101 SET @saved_cs_client     = @@character_set_client */;
/*!50503 SET character_set_client = utf8mb4 */;
CREATE TABLE `django_session` (
  `session_key` varchar(40) NOT NULL,
  `session_data` longtext NOT NULL,
  `expire_date` datetime(6) NOT NULL,
  PRIMARY KEY (`session_key`),
  KEY `django_session_expire_date_a5c62663` (`expire_date`)
) ENGINE=InnoDB DEFAULT CHARSET=utf8mb4 COLLATE=utf8mb4_0900_ai_ci;
/*!40101 SET character_set_client = @saved_cs_client */;

--
-- Dumping data for table `django_session`
--

LOCK TABLES `django_session` WRITE;
/*!40000 ALTER TABLE `django_session` DISABLE KEYS */;
/*!40000 ALTER TABLE `django_session` ENABLE KEYS */;
UNLOCK TABLES;

--
-- Table structure for table `global_controller_auction`
--

DROP TABLE IF EXISTS `global_controller_auction`;
/*!40101 SET @saved_cs_client     = @@character_set_client */;
/*!50503 SET character_set_client = utf8mb4 */;
CREATE TABLE `global_controller_auction` (
  `id` bigint NOT NULL AUTO_INCREMENT,
  `start_time` datetime(6) NOT NULL,
  `end_time` datetime(6) NOT NULL,
  `base_price` int NOT NULL,
  `seller_id` bigint NOT NULL,
  `bid_id` bigint DEFAULT NULL,
  `auction_name` varchar(100) NOT NULL,
  PRIMARY KEY (`id`),
  UNIQUE KEY `bid_id` (`bid_id`),
  KEY `global_controller_au_seller_id_7f2d9cf9_fk_global_co` (`seller_id`),
  CONSTRAINT `global_controller_au_bid_id_8d48c5e4_fk_global_co` FOREIGN KEY (`bid_id`) REFERENCES `global_controller_bid` (`id`),
  CONSTRAINT `global_controller_au_seller_id_7f2d9cf9_fk_global_co` FOREIGN KEY (`seller_id`) REFERENCES `global_controller_seller` (`id`)
) ENGINE=InnoDB AUTO_INCREMENT=21 DEFAULT CHARSET=utf8mb4 COLLATE=utf8mb4_0900_ai_ci;
/*!40101 SET character_set_client = @saved_cs_client */;

--
-- Dumping data for table `global_controller_auction`
--

LOCK TABLES `global_controller_auction` WRITE;
/*!40000 ALTER TABLE `global_controller_auction` DISABLE KEYS */;
INSERT INTO `global_controller_auction` VALUES (20,'2022-08-29 12:37:00.000000','2022-08-29 12:58:00.000000',300,1,4,'sale 300');
/*!40000 ALTER TABLE `global_controller_auction` ENABLE KEYS */;
UNLOCK TABLES;

--
-- Table structure for table `global_controller_bid`
--

DROP TABLE IF EXISTS `global_controller_bid`;
/*!40101 SET @saved_cs_client     = @@character_set_client */;
/*!50503 SET character_set_client = utf8mb4 */;
CREATE TABLE `global_controller_bid` (
  `id` bigint NOT NULL AUTO_INCREMENT,
  `bid_amount` int NOT NULL,
  `customer_id` bigint NOT NULL,
  PRIMARY KEY (`id`),
  KEY `global_controller_bi_customer_id_8fb64d04_fk_global_co` (`customer_id`),
  CONSTRAINT `global_controller_bi_customer_id_8fb64d04_fk_global_co` FOREIGN KEY (`customer_id`) REFERENCES `global_controller_customer` (`id`)
) ENGINE=InnoDB AUTO_INCREMENT=5 DEFAULT CHARSET=utf8mb4 COLLATE=utf8mb4_0900_ai_ci;
/*!40101 SET character_set_client = @saved_cs_client */;

--
-- Dumping data for table `global_controller_bid`
--

LOCK TABLES `global_controller_bid` WRITE;
/*!40000 ALTER TABLE `global_controller_bid` DISABLE KEYS */;
INSERT INTO `global_controller_bid` VALUES (1,32002,1),(2,45002,1),(3,50001,1),(4,340,1);
/*!40000 ALTER TABLE `global_controller_bid` ENABLE KEYS */;
UNLOCK TABLES;

--
-- Table structure for table `global_controller_brand`
--

DROP TABLE IF EXISTS `global_controller_brand`;
/*!40101 SET @saved_cs_client     = @@character_set_client */;
/*!50503 SET character_set_client = utf8mb4 */;
CREATE TABLE `global_controller_brand` (
  `id` bigint NOT NULL AUTO_INCREMENT,
  `name` varchar(20) NOT NULL,
  PRIMARY KEY (`id`)
) ENGINE=InnoDB AUTO_INCREMENT=9 DEFAULT CHARSET=utf8mb4 COLLATE=utf8mb4_0900_ai_ci;
/*!40101 SET character_set_client = @saved_cs_client */;

--
-- Dumping data for table `global_controller_brand`
--

LOCK TABLES `global_controller_brand` WRITE;
/*!40000 ALTER TABLE `global_controller_brand` DISABLE KEYS */;
INSERT INTO `global_controller_brand` VALUES (1,'ASUS'),(2,'HP'),(3,'GIGABYTE'),(4,'LOGITECH'),(5,'VIEWSONIC'),(6,'A4tech'),(7,'বাংলা'),(8,'Keychron');
/*!40000 ALTER TABLE `global_controller_brand` ENABLE KEYS */;
UNLOCK TABLES;

--
-- Table structure for table `global_controller_category`
--

DROP TABLE IF EXISTS `global_controller_category`;
/*!40101 SET @saved_cs_client     = @@character_set_client */;
/*!50503 SET character_set_client = utf8mb4 */;
CREATE TABLE `global_controller_category` (
  `id` bigint NOT NULL AUTO_INCREMENT,
  `name` varchar(20) NOT NULL,
  PRIMARY KEY (`id`)
) ENGINE=InnoDB AUTO_INCREMENT=8 DEFAULT CHARSET=utf8mb4 COLLATE=utf8mb4_0900_ai_ci;
/*!40101 SET character_set_client = @saved_cs_client */;

--
-- Dumping data for table `global_controller_category`
--

LOCK TABLES `global_controller_category` WRITE;
/*!40000 ALTER TABLE `global_controller_category` DISABLE KEYS */;
INSERT INTO `global_controller_category` VALUES (1,'monitor'),(2,'mouse'),(3,'keyboard'),(5,'fish'),(6,'indoor'),(7,'Phone');
/*!40000 ALTER TABLE `global_controller_category` ENABLE KEYS */;
UNLOCK TABLES;

--
-- Table structure for table `global_controller_customer`
--

DROP TABLE IF EXISTS `global_controller_customer`;
/*!40101 SET @saved_cs_client     = @@character_set_client */;
/*!50503 SET character_set_client = utf8mb4 */;
CREATE TABLE `global_controller_customer` (
  `id` bigint NOT NULL AUTO_INCREMENT,
  `name` varchar(100) NOT NULL,
  `address` varchar(100) NOT NULL,
  `NID` varchar(20) NOT NULL,
  `phone` varchar(100) NOT NULL,
  `wallet` int NOT NULL,
  `delivery_address_hub_id` bigint NOT NULL,
  `mail` varchar(254) DEFAULT NULL,
  `coord` varchar(50) DEFAULT NULL,
  PRIMARY KEY (`id`),
  KEY `global_controller_cu_delivery_address_hub_c4e7ade3_fk_global_co` (`delivery_address_hub_id`),
  CONSTRAINT `global_controller_cu_delivery_address_hub_c4e7ade3_fk_global_co` FOREIGN KEY (`delivery_address_hub_id`) REFERENCES `global_controller_hub` (`id`)
) ENGINE=InnoDB AUTO_INCREMENT=8 DEFAULT CHARSET=utf8mb4 COLLATE=utf8mb4_0900_ai_ci;
/*!40101 SET character_set_client = @saved_cs_client */;

--
-- Dumping data for table `global_controller_customer`
--

LOCK TABLES `global_controller_customer` WRITE;
/*!40000 ALTER TABLE `global_controller_customer` DISABLE KEYS */;
INSERT INTO `global_controller_customer` VALUES (1,'irshad','dhaka','123','101',22030,2,'nasif.car@gmail.com','23.801456215163242, 90.38148207286203'),(5,'Abrar Shahriare','Dhaka','6137813691123','102',19850,2,'nasif.car@gmail.com',''),(6,'nafiz','dhaka','198273','103',399450,1,'nafiz@gmail.com','24.363257283900246, 88.62912727353648'),(7,'Tushar','Dhaka','','104',0,2,'tushar@gmail.com','23.730394141318513, 90.38544416427614');
/*!40000 ALTER TABLE `global_controller_customer` ENABLE KEYS */;
UNLOCK TABLES;

--
-- Table structure for table `global_controller_deliveryman`
--

DROP TABLE IF EXISTS `global_controller_deliveryman`;
/*!40101 SET @saved_cs_client     = @@character_set_client */;
/*!50503 SET character_set_client = utf8mb4 */;
CREATE TABLE `global_controller_deliveryman` (
  `id` bigint NOT NULL AUTO_INCREMENT,
  `name` varchar(30) NOT NULL,
  `address` varchar(100) NOT NULL,
  `designation` varchar(100) NOT NULL,
  `NID` varchar(20) NOT NULL,
  `phone` varchar(100) NOT NULL,
  `vehicle_no` varchar(20) NOT NULL,
  `current_hub_id` bigint DEFAULT NULL,
  PRIMARY KEY (`id`),
  KEY `global_controller_de_current_hub_id_b62dee69_fk_global_co` (`current_hub_id`),
  CONSTRAINT `global_controller_de_current_hub_id_b62dee69_fk_global_co` FOREIGN KEY (`current_hub_id`) REFERENCES `global_controller_hub` (`id`)
) ENGINE=InnoDB AUTO_INCREMENT=5 DEFAULT CHARSET=utf8mb4 COLLATE=utf8mb4_0900_ai_ci;
/*!40101 SET character_set_client = @saved_cs_client */;

--
-- Dumping data for table `global_controller_deliveryman`
--

LOCK TABLES `global_controller_deliveryman` WRITE;
/*!40000 ALTER TABLE `global_controller_deliveryman` DISABLE KEYS */;
INSERT INTO `global_controller_deliveryman` VALUES (1,'kamal','Dhaka','Local','126386172368','401','DK 22001',2),(2,'Dhrubo','Lalmatia, Dhaka','Inter District','109283122','402','LA 34-3455',2),(3,'zahin','Noakhali','Local','123456789','404','LA 99-2354',1),(4,'Mofiz','Rampura','Inter District','98765432','403','LA 57-3764',2);
/*!40000 ALTER TABLE `global_controller_deliveryman` ENABLE KEYS */;
UNLOCK TABLES;

--
-- Table structure for table `global_controller_hub`
--

DROP TABLE IF EXISTS `global_controller_hub`;
/*!40101 SET @saved_cs_client     = @@character_set_client */;
/*!50503 SET character_set_client = utf8mb4 */;
CREATE TABLE `global_controller_hub` (
  `id` bigint NOT NULL AUTO_INCREMENT,
  `address` varchar(100) NOT NULL,
  `coord` varchar(50) DEFAULT NULL,
  PRIMARY KEY (`id`)
) ENGINE=InnoDB AUTO_INCREMENT=4 DEFAULT CHARSET=utf8mb4 COLLATE=utf8mb4_0900_ai_ci;
/*!40101 SET character_set_client = @saved_cs_client */;

--
-- Dumping data for table `global_controller_hub`
--

LOCK TABLES `global_controller_hub` WRITE;
/*!40000 ALTER TABLE `global_controller_hub` DISABLE KEYS */;
INSERT INTO `global_controller_hub` VALUES (1,'rajshahi','24.367040944833715, 88.60013256179522'),(2,'dhaka','23.72556287273349, 90.3906953756754');
/*!40000 ALTER TABLE `global_controller_hub` ENABLE KEYS */;
UNLOCK TABLES;

--
-- Table structure for table `global_controller_hubman`
--

DROP TABLE IF EXISTS `global_controller_hubman`;
/*!40101 SET @saved_cs_client     = @@character_set_client */;
/*!50503 SET character_set_client = utf8mb4 */;
CREATE TABLE `global_controller_hubman` (
  `id` bigint NOT NULL AUTO_INCREMENT,
  `name` varchar(30) NOT NULL,
  `address` varchar(100) NOT NULL,
  `NID` varchar(20) NOT NULL,
  `phone` varchar(100) NOT NULL,
  `hub_id` bigint NOT NULL,
  PRIMARY KEY (`id`),
  KEY `global_controller_hu_hub_id_f1bf938e_fk_global_co` (`hub_id`),
  CONSTRAINT `global_controller_hu_hub_id_f1bf938e_fk_global_co` FOREIGN KEY (`hub_id`) REFERENCES `global_controller_hub` (`id`)
) ENGINE=InnoDB AUTO_INCREMENT=3 DEFAULT CHARSET=utf8mb4 COLLATE=utf8mb4_0900_ai_ci;
/*!40101 SET character_set_client = @saved_cs_client */;

--
-- Dumping data for table `global_controller_hubman`
--

LOCK TABLES `global_controller_hubman` WRITE;
/*!40000 ALTER TABLE `global_controller_hubman` DISABLE KEYS */;
INSERT INTO `global_controller_hubman` VALUES (1,'nazmul','mohammadpur','234435456','301',2),(2,'ghatak','aula','345','302',1);
/*!40000 ALTER TABLE `global_controller_hubman` ENABLE KEYS */;
UNLOCK TABLES;

--
-- Table structure for table `global_controller_inventory`
--

DROP TABLE IF EXISTS `global_controller_inventory`;
/*!40101 SET @saved_cs_client     = @@character_set_client */;
/*!50503 SET character_set_client = utf8mb4 */;
CREATE TABLE `global_controller_inventory` (
  `id` bigint NOT NULL AUTO_INCREMENT,
  `quantity` int NOT NULL,
  `product_id` bigint NOT NULL,
  `seller_id` bigint NOT NULL,
  `inventory_image` varchar(100) DEFAULT NULL,
  PRIMARY KEY (`id`),
  KEY `global_controller_in_product_id_97aa3032_fk_global_co` (`product_id`),
  KEY `global_controller_in_seller_id_3f88a5c9_fk_global_co` (`seller_id`),
  CONSTRAINT `global_controller_in_product_id_97aa3032_fk_global_co` FOREIGN KEY (`product_id`) REFERENCES `global_controller_product` (`id`),
  CONSTRAINT `global_controller_in_seller_id_3f88a5c9_fk_global_co` FOREIGN KEY (`seller_id`) REFERENCES `global_controller_seller` (`id`)
) ENGINE=InnoDB AUTO_INCREMENT=11 DEFAULT CHARSET=utf8mb4 COLLATE=utf8mb4_0900_ai_ci;
/*!40101 SET character_set_client = @saved_cs_client */;

--
-- Dumping data for table `global_controller_inventory`
--

LOCK TABLES `global_controller_inventory` WRITE;
/*!40000 ALTER TABLE `global_controller_inventory` DISABLE KEYS */;
INSERT INTO `global_controller_inventory` VALUES (1,78,1,1,'vg249q-1-500x500.jpg'),(2,56,2,1,'g502-hero-1-500x500.jpg'),(3,41,3,2,'g24f-23-8-2-500x500.jpg'),(4,65,4,2,'g-pro-wireless-01-500x500.jpg'),(7,35,8,6,'op-720-01-500x500.jpg'),(9,155,10,1,'m190-grey-500x500.jpg'),(10,47,11,1,'c1-mechanical-01-500x500.jpg');
/*!40000 ALTER TABLE `global_controller_inventory` ENABLE KEYS */;
UNLOCK TABLES;

--
-- Table structure for table `global_controller_order`
--

DROP TABLE IF EXISTS `global_controller_order`;
/*!40101 SET @saved_cs_client     = @@character_set_client */;
/*!50503 SET character_set_client = utf8mb4 */;
CREATE TABLE `global_controller_order` (
  `id` bigint NOT NULL AUTO_INCREMENT,
  `OTP` varchar(6) NOT NULL,
  `quantity` int NOT NULL,
  `deliveryman_id` bigint NOT NULL,
  `order_set_id` bigint NOT NULL,
  `product_id` bigint NOT NULL,
  `seller_id` bigint NOT NULL,
  `status_id` bigint NOT NULL,
  PRIMARY KEY (`id`),
  KEY `global_controller_or_order_set_id_f5a73a01_fk_global_co` (`order_set_id`),
  KEY `global_controller_or_seller_id_deb7b332_fk_global_co` (`seller_id`),
  KEY `global_controller_or_status_id_45ce9c63_fk_global_co` (`status_id`),
  KEY `global_controller_order_deliveryman_id_cb8a6853` (`deliveryman_id`),
  KEY `global_controller_order_product_id_860427b7` (`product_id`),
  CONSTRAINT `global_controller_or_deliveryman_id_cb8a6853_fk_global_co` FOREIGN KEY (`deliveryman_id`) REFERENCES `global_controller_deliveryman` (`id`),
  CONSTRAINT `global_controller_or_order_set_id_f5a73a01_fk_global_co` FOREIGN KEY (`order_set_id`) REFERENCES `global_controller_order_set` (`id`),
  CONSTRAINT `global_controller_or_product_id_860427b7_fk_global_co` FOREIGN KEY (`product_id`) REFERENCES `global_controller_product` (`id`),
  CONSTRAINT `global_controller_or_seller_id_deb7b332_fk_global_co` FOREIGN KEY (`seller_id`) REFERENCES `global_controller_seller` (`id`),
  CONSTRAINT `global_controller_or_status_id_45ce9c63_fk_global_co` FOREIGN KEY (`status_id`) REFERENCES `global_controller_order_status` (`id`)
) ENGINE=InnoDB AUTO_INCREMENT=117 DEFAULT CHARSET=utf8mb4 COLLATE=utf8mb4_0900_ai_ci;
/*!40101 SET character_set_client = @saved_cs_client */;

--
-- Dumping data for table `global_controller_order`
--

LOCK TABLES `global_controller_order` WRITE;
/*!40000 ALTER TABLE `global_controller_order` DISABLE KEYS */;
INSERT INTO `global_controller_order` VALUES (113,'yTccrk',1,1,1100,11,1,3),(114,'zdoUw8',3,3,1101,1,1,1),(115,'lIAd71',2,3,1101,2,1,1),(116,'Vjvbo7',1,1,1103,8,6,3);
/*!40000 ALTER TABLE `global_controller_order` ENABLE KEYS */;
UNLOCK TABLES;

--
-- Table structure for table `global_controller_order_set`
--

DROP TABLE IF EXISTS `global_controller_order_set`;
/*!40101 SET @saved_cs_client     = @@character_set_client */;
/*!50503 SET character_set_client = utf8mb4 */;
CREATE TABLE `global_controller_order_set` (
  `id` bigint NOT NULL AUTO_INCREMENT,
  `date` date NOT NULL,
  `customer_id` bigint NOT NULL,
  `transaction_id` bigint NOT NULL,
  PRIMARY KEY (`id`),
  UNIQUE KEY `transaction_id` (`transaction_id`),
  KEY `global_controller_or_customer_id_c521f71a_fk_global_co` (`customer_id`),
  CONSTRAINT `global_controller_or_customer_id_c521f71a_fk_global_co` FOREIGN KEY (`customer_id`) REFERENCES `global_controller_customer` (`id`),
  CONSTRAINT `global_controller_or_transaction_id_e74fcd28_fk_global_co` FOREIGN KEY (`transaction_id`) REFERENCES `global_controller_transaction` (`id`)
) ENGINE=InnoDB AUTO_INCREMENT=1104 DEFAULT CHARSET=utf8mb4 COLLATE=utf8mb4_0900_ai_ci;
/*!40101 SET character_set_client = @saved_cs_client */;

--
-- Dumping data for table `global_controller_order_set`
--

LOCK TABLES `global_controller_order_set` WRITE;
/*!40000 ALTER TABLE `global_controller_order_set` DISABLE KEYS */;
INSERT INTO `global_controller_order_set` VALUES (1099,'2022-08-29',1,1101),(1100,'2022-08-29',1,1102),(1101,'2022-08-29',1,1103),(1102,'2022-08-29',1,1104),(1103,'2022-08-29',1,1105);
/*!40000 ALTER TABLE `global_controller_order_set` ENABLE KEYS */;
UNLOCK TABLES;

--
-- Table structure for table `global_controller_order_status`
--

DROP TABLE IF EXISTS `global_controller_order_status`;
/*!40101 SET @saved_cs_client     = @@character_set_client */;
/*!50503 SET character_set_client = utf8mb4 */;
CREATE TABLE `global_controller_order_status` (
  `id` bigint NOT NULL AUTO_INCREMENT,
  `status` varchar(15) NOT NULL,
  PRIMARY KEY (`id`)
) ENGINE=InnoDB AUTO_INCREMENT=10 DEFAULT CHARSET=utf8mb4 COLLATE=utf8mb4_0900_ai_ci;
/*!40101 SET character_set_client = @saved_cs_client */;

--
-- Dumping data for table `global_controller_order_status`
--

LOCK TABLES `global_controller_order_status` WRITE;
/*!40000 ALTER TABLE `global_controller_order_status` DISABLE KEYS */;
INSERT INTO `global_controller_order_status` VALUES (1,'In Shop'),(2,'Picked Up'),(3,'Delivered'),(6,'In Hub2'),(7,'In Hub'),(8,'Out To Delivery'),(9,'On Highway');
/*!40000 ALTER TABLE `global_controller_order_status` ENABLE KEYS */;
UNLOCK TABLES;

--
-- Table structure for table `global_controller_packageitem`
--

DROP TABLE IF EXISTS `global_controller_packageitem`;
/*!40101 SET @saved_cs_client     = @@character_set_client */;
/*!50503 SET character_set_client = utf8mb4 */;
CREATE TABLE `global_controller_packageitem` (
  `id` bigint NOT NULL AUTO_INCREMENT,
  `quantity` int NOT NULL,
  `auction_id` bigint DEFAULT NULL,
  `inventory_id` bigint DEFAULT NULL,
  `order_id` bigint DEFAULT NULL,
  PRIMARY KEY (`id`),
  KEY `global_controller_packageitem_auction_id_62d28f2b` (`auction_id`),
  KEY `global_controller_packageitem_inventory_id_8e1849b5` (`inventory_id`),
  KEY `global_controller_pa_order_id_4031be3e_fk_global_co` (`order_id`),
  CONSTRAINT `global_controller_pa_auction_id_62d28f2b_fk_global_co` FOREIGN KEY (`auction_id`) REFERENCES `global_controller_auction` (`id`),
  CONSTRAINT `global_controller_pa_inventory_id_8e1849b5_fk_global_co` FOREIGN KEY (`inventory_id`) REFERENCES `global_controller_inventory` (`id`),
  CONSTRAINT `global_controller_pa_order_id_4031be3e_fk_global_co` FOREIGN KEY (`order_id`) REFERENCES `global_controller_order` (`id`)
) ENGINE=InnoDB AUTO_INCREMENT=20 DEFAULT CHARSET=utf8mb4 COLLATE=utf8mb4_0900_ai_ci;
/*!40101 SET character_set_client = @saved_cs_client */;

--
-- Dumping data for table `global_controller_packageitem`
--

LOCK TABLES `global_controller_packageitem` WRITE;
/*!40000 ALTER TABLE `global_controller_packageitem` DISABLE KEYS */;
INSERT INTO `global_controller_packageitem` VALUES (18,3,20,1,114),(19,2,20,2,115);
/*!40000 ALTER TABLE `global_controller_packageitem` ENABLE KEYS */;
UNLOCK TABLES;

--
-- Table structure for table `global_controller_product`
--

DROP TABLE IF EXISTS `global_controller_product`;
/*!40101 SET @saved_cs_client     = @@character_set_client */;
/*!50503 SET character_set_client = utf8mb4 */;
CREATE TABLE `global_controller_product` (
  `id` bigint NOT NULL AUTO_INCREMENT,
  `name` varchar(80) NOT NULL,
  `warranty` int NOT NULL,
  `description` varchar(1000) NOT NULL,
  `price` int NOT NULL,
  `brand_id` bigint NOT NULL,
  `category_id` bigint NOT NULL,
  PRIMARY KEY (`id`),
  KEY `global_controller_pr_brand_id_a532b16e_fk_global_co` (`brand_id`),
  KEY `global_controller_pr_category_id_ef5fb261_fk_global_co` (`category_id`),
  CONSTRAINT `global_controller_pr_brand_id_a532b16e_fk_global_co` FOREIGN KEY (`brand_id`) REFERENCES `global_controller_brand` (`id`),
  CONSTRAINT `global_controller_pr_category_id_ef5fb261_fk_global_co` FOREIGN KEY (`category_id`) REFERENCES `global_controller_category` (`id`)
) ENGINE=InnoDB AUTO_INCREMENT=12 DEFAULT CHARSET=utf8mb4 COLLATE=utf8mb4_0900_ai_ci;
/*!40101 SET character_set_client = @saved_cs_client */;

--
-- Dumping data for table `global_controller_product`
--

LOCK TABLES `global_controller_product` WRITE;
/*!40000 ALTER TABLE `global_controller_product` DISABLE KEYS */;
INSERT INTO `global_controller_product` VALUES (1,'Asus VQ27W1B',3,'27 inch gaming monitor',44500,1,1),(2,'HP Hero',2,'Gaming Mouse',5200,2,2),(3,'Gigabyte G24F',3,'24\' inch gaming monitor',27500,3,1),(4,'Logitech G PRO',1,'Tenkeyless RGB Mechanical Gaming Keyboard',10200,4,3),(8,'Optical Budget Mouse',1,'A4Tech budget optical mouse with 800 DPI',550,6,2),(10,'Logitech M910',3,'Wireless Mouse',1300,4,2),(11,'Keychron Keyboard',3,'Keychron C1 mechanical keyboard',8900,8,3);
/*!40000 ALTER TABLE `global_controller_product` ENABLE KEYS */;
UNLOCK TABLES;

--
-- Table structure for table `global_controller_return`
--

DROP TABLE IF EXISTS `global_controller_return`;
/*!40101 SET @saved_cs_client     = @@character_set_client */;
/*!50503 SET character_set_client = utf8mb4 */;
CREATE TABLE `global_controller_return` (
  `id` bigint NOT NULL AUTO_INCREMENT,
  `order_id` bigint NOT NULL,
  `status_id` bigint NOT NULL,
  PRIMARY KEY (`id`),
  UNIQUE KEY `order_id` (`order_id`),
  KEY `global_controller_re_status_id_d42abf29_fk_global_co` (`status_id`),
  CONSTRAINT `global_controller_re_order_id_9dee45e4_fk_global_co` FOREIGN KEY (`order_id`) REFERENCES `global_controller_order` (`id`),
  CONSTRAINT `global_controller_re_status_id_d42abf29_fk_global_co` FOREIGN KEY (`status_id`) REFERENCES `global_controller_order_status` (`id`)
) ENGINE=InnoDB DEFAULT CHARSET=utf8mb4 COLLATE=utf8mb4_0900_ai_ci;
/*!40101 SET character_set_client = @saved_cs_client */;

--
-- Dumping data for table `global_controller_return`
--

LOCK TABLES `global_controller_return` WRITE;
/*!40000 ALTER TABLE `global_controller_return` DISABLE KEYS */;
/*!40000 ALTER TABLE `global_controller_return` ENABLE KEYS */;
UNLOCK TABLES;

--
-- Table structure for table `global_controller_seller`
--

DROP TABLE IF EXISTS `global_controller_seller`;
/*!40101 SET @saved_cs_client     = @@character_set_client */;
/*!50503 SET character_set_client = utf8mb4 */;
CREATE TABLE `global_controller_seller` (
  `id` bigint NOT NULL AUTO_INCREMENT,
  `name` varchar(30) NOT NULL,
  `address` varchar(100) NOT NULL,
  `NID` varchar(20) NOT NULL,
  `phone` varchar(100) NOT NULL,
  `shop_name` varchar(50) NOT NULL,
  `bank_name` varchar(30) NOT NULL,
  `bank_acc` varchar(40) NOT NULL,
  `wallet` int NOT NULL,
  `hub_id` bigint NOT NULL,
  `coord` varchar(50) NOT NULL,
  PRIMARY KEY (`id`),
  KEY `global_controller_se_hub_id_5b0ed730_fk_global_co` (`hub_id`),
  CONSTRAINT `global_controller_se_hub_id_5b0ed730_fk_global_co` FOREIGN KEY (`hub_id`) REFERENCES `global_controller_hub` (`id`)
) ENGINE=InnoDB AUTO_INCREMENT=9 DEFAULT CHARSET=utf8mb4 COLLATE=utf8mb4_0900_ai_ci;
/*!40101 SET character_set_client = @saved_cs_client */;

--
-- Dumping data for table `global_controller_seller`
--

LOCK TABLES `global_controller_seller` WRITE;
/*!40000 ALTER TABLE `global_controller_seller` DISABLE KEYS */;
INSERT INTO `global_controller_seller` VALUES (1,'Nasif','New Market, Rajshahi','123123','201','Computer World','ABC Bank','91239108209',61800,1,'24.372730461233445, 88.60294873861902'),(2,'Abrar','Dhanmondi, Dhaka','123456789','402','Abrar Electronics','UCBL','98765432',240400,2,'23.738853824452487, 90.38558968705205'),(3,'Shibly','Jigatola, Dhaka','2345678','202','Shibly Computers','NRBC Bank','123456789',0,2,''),(4,'Shibly','Jigatola, Dhaka','123456789','','Shibly Computers','','',0,2,''),(6,'Shuvo','Lalbagh, Dhaka','6137813691123','203','Spark Gear','NRBC Bank','54923186153',6980,2,'23.72008094330496, 90.38939237594604'),(7,'Tushar','Lalmatia, Dhaka','6137813691123','204','Bliss Electronics','UCBL','486321',0,2,'23.75675293038741, 90.37490844726564'),(8,'Sajon Islam','Lalmatia, Dhaka','123156321','110','Sajon Computers','UCBL','123456',0,2,'23.757381390787604, 90.37559509277345');
/*!40000 ALTER TABLE `global_controller_seller` ENABLE KEYS */;
UNLOCK TABLES;

--
-- Table structure for table `global_controller_transaction`
--

DROP TABLE IF EXISTS `global_controller_transaction`;
/*!40101 SET @saved_cs_client     = @@character_set_client */;
/*!50503 SET character_set_client = utf8mb4 */;
CREATE TABLE `global_controller_transaction` (
  `id` bigint NOT NULL AUTO_INCREMENT,
  `type` varchar(20) NOT NULL,
  `amount` int NOT NULL,
  PRIMARY KEY (`id`)
) ENGINE=InnoDB AUTO_INCREMENT=1106 DEFAULT CHARSET=utf8mb4 COLLATE=utf8mb4_0900_ai_ci;
/*!40101 SET character_set_client = @saved_cs_client */;

--
-- Dumping data for table `global_controller_transaction`
--

LOCK TABLES `global_controller_transaction` WRITE;
/*!40000 ALTER TABLE `global_controller_transaction` DISABLE KEYS */;
INSERT INTO `global_controller_transaction` VALUES (1,'buy',65300),(2,'buy',65300),(3,'buy',65300),(4,'buy',65300),(5,'buy',65300),(6,'buy',65300),(7,'buy',143900),(8,'buy',94200),(9,'buy',94200),(10,'buy',5200),(11,'buy',5200),(12,'buy',10400),(13,'buy',10400),(14,'buy',5200),(15,'buy',5200),(16,'buy',5200),(17,'buy',5200),(18,'buy',75400),(19,'buy',75400),(20,'buy',138700),(21,'buy',138700),(22,'buy',55000),(23,'buy',55000),(24,'buy',99500),(25,'buy',99500),(26,'buy',44500),(27,'buy',44500),(28,'buy',222500),(29,'buy',44500),(30,'buy',20800),(31,'buy',1650),(32,'buy',2200),(33,'buy',88450),(34,'buy',49700),(35,'buy',32700),(36,'buy',27500),(37,'buy',27500),(38,'buy',27500),(39,'buy',1100),(40,'buy',1100),(41,'buy',37700),(42,'buy',32700),(43,'buy',44500),(44,'buy',54900),(45,'buy',5200),(46,'buy',32700),(47,'buy',500),(48,'buy',32002),(49,'buy',32002),(50,'buy',32002),(51,'buy',32002),(52,'buy',32002),(53,'buy',32002),(54,'buy',32002),(55,'buy',32002),(56,'buy',32002),(57,'buy',32002),(58,'buy',32002),(59,'buy',32002),(60,'buy',32002),(61,'buy',32002),(62,'buy',45002),(63,'buy',50001),(64,'buy',49700),(65,'RECHARGE',120),(66,'buy',550),(67,'RECHARGE',5000),(68,'RECHARGE',20),(69,'RECHARGE',20),(70,'RECHARGE',20),(71,'buy',550),(72,'buy',8900),(73,'buy',32002),(74,'buy',45002),(75,'buy',50001),(76,'buy',32002),(77,'buy',45002),(78,'buy',50001),(79,'buy',32002),(80,'buy',45002),(81,'buy',50001),(82,'buy',32002),(83,'buy',45002),(84,'buy',50001),(85,'buy',32002),(86,'buy',45002),(87,'buy',50001),(88,'buy',32002),(89,'buy',45002),(90,'buy',50001),(91,'buy',32002),(92,'buy',45002),(93,'buy',50001),(94,'buy',32002),(95,'buy',45002),(96,'buy',50001),(97,'buy',32002),(98,'buy',45002),(99,'buy',50001),(100,'buy',32002),(101,'buy',45002),(102,'buy',50001),(103,'buy',32002),(104,'buy',45002),(105,'buy',50001),(106,'buy',32002),(107,'buy',45002),(108,'buy',50001),(109,'buy',32002),(110,'buy',45002),(111,'buy',50001),(112,'buy',32002),(113,'buy',45002),(114,'buy',50001),(115,'buy',32002),(116,'buy',45002),(117,'buy',50001),(118,'buy',32002),(119,'buy',45002),(120,'buy',50001),(121,'buy',32002),(122,'buy',45002),(123,'buy',50001),(124,'buy',32002),(125,'buy',45002),(126,'buy',50001),(127,'buy',32002),(128,'buy',45002),(129,'buy',50001),(130,'buy',32002),(131,'buy',45002),(132,'buy',50001),(133,'buy',32002),(134,'buy',45002),(135,'buy',50001),(136,'buy',32002),(137,'buy',45002),(138,'buy',50001),(139,'buy',32002),(140,'buy',45002),(141,'buy',50001),(142,'buy',32002),(143,'buy',45002),(144,'buy',50001),(145,'buy',32002),(146,'buy',45002),(147,'buy',50001),(148,'buy',32002),(149,'buy',45002),(150,'buy',50001),(151,'buy',32002),(152,'buy',45002),(153,'buy',50001),(154,'buy',32002),(155,'buy',45002),(156,'buy',50001),(157,'buy',32002),(158,'buy',45002),(159,'buy',50001),(160,'buy',32002),(161,'buy',45002),(162,'buy',50001),(163,'buy',32002),(164,'buy',45002),(165,'buy',50001),(166,'buy',32002),(167,'buy',45002),(168,'buy',50001),(169,'buy',32002),(170,'buy',45002),(171,'buy',50001),(172,'buy',32002),(173,'buy',45002),(174,'buy',50001),(175,'buy',32002),(176,'buy',45002),(177,'buy',50001),(178,'buy',32002),(179,'buy',45002),(180,'buy',50001),(181,'buy',32002),(182,'buy',45002),(183,'buy',50001),(184,'buy',32002),(185,'buy',45002),(186,'buy',50001),(187,'buy',32002),(188,'buy',45002),(189,'buy',50001),(190,'buy',32002),(191,'buy',45002),(192,'buy',50001),(193,'buy',32002),(194,'buy',45002),(195,'buy',50001),(196,'buy',32002),(197,'buy',45002),(198,'buy',50001),(199,'buy',32002),(200,'buy',45002),(201,'buy',50001),(202,'buy',32002),(203,'buy',45002),(204,'buy',50001),(205,'buy',32002),(206,'buy',45002),(207,'buy',50001),(208,'buy',32002),(209,'buy',45002),(210,'buy',50001),(211,'buy',32002),(212,'buy',45002),(213,'buy',50001),(214,'buy',32002),(215,'buy',45002),(216,'buy',50001),(217,'buy',32002),(218,'buy',45002),(219,'buy',50001),(220,'buy',32002),(221,'buy',45002),(222,'buy',50001),(223,'buy',32002),(224,'buy',45002),(225,'buy',50001),(226,'buy',32002),(227,'buy',45002),(228,'buy',50001),(229,'buy',32002),(230,'buy',45002),(231,'buy',50001),(232,'buy',32002),(233,'buy',45002),(234,'buy',50001),(235,'buy',32002),(236,'buy',45002),(237,'buy',50001),(238,'buy',32002),(239,'buy',45002),(240,'buy',50001),(241,'buy',32002),(242,'buy',45002),(243,'buy',50001),(244,'buy',32002),(245,'buy',45002),(246,'buy',50001),(247,'buy',32002),(248,'buy',45002),(249,'buy',50001),(250,'buy',32002),(251,'buy',45002),(252,'buy',50001),(253,'buy',32002),(254,'buy',45002),(255,'buy',50001),(256,'buy',32002),(257,'buy',45002),(258,'buy',50001),(259,'buy',32002),(260,'buy',45002),(261,'buy',50001),(262,'buy',32002),(263,'buy',45002),(264,'buy',50001),(265,'buy',32002),(266,'buy',45002),(267,'buy',50001),(268,'buy',32002),(269,'buy',45002),(270,'buy',50001),(271,'buy',32002),(272,'buy',45002),(273,'buy',50001),(274,'buy',32002),(275,'buy',45002),(276,'buy',50001),(277,'buy',32002),(278,'buy',45002),(279,'buy',50001),(280,'buy',32002),(281,'buy',45002),(282,'buy',50001),(283,'buy',32002),(284,'buy',45002),(285,'buy',50001),(286,'buy',32002),(287,'buy',45002),(288,'buy',50001),(289,'buy',32002),(290,'buy',45002),(291,'buy',50001),(292,'buy',32002),(293,'buy',45002),(294,'buy',50001),(295,'buy',32002),(296,'buy',45002),(297,'buy',50001),(298,'buy',32002),(299,'buy',45002),(300,'buy',50001),(301,'buy',32002),(302,'buy',45002),(303,'buy',50001),(304,'buy',32002),(305,'buy',45002),(306,'buy',50001),(307,'buy',32002),(308,'buy',45002),(309,'buy',50001),(310,'buy',32002),(311,'buy',45002),(312,'buy',50001),(313,'buy',32002),(314,'buy',45002),(315,'buy',50001),(316,'buy',32002),(317,'buy',45002),(318,'buy',50001),(319,'buy',32002),(320,'buy',45002),(321,'buy',50001),(322,'buy',32002),(323,'buy',45002),(324,'buy',50001),(325,'buy',32002),(326,'buy',45002),(327,'buy',50001),(328,'buy',32002),(329,'buy',45002),(330,'buy',50001),(331,'buy',32002),(332,'buy',45002),(333,'buy',50001),(334,'buy',32002),(335,'buy',45002),(336,'buy',50001),(337,'buy',32002),(338,'buy',45002),(339,'buy',50001),(340,'buy',32002),(341,'buy',45002),(342,'buy',50001),(343,'buy',32002),(344,'buy',45002),(345,'buy',50001),(346,'buy',32002),(347,'buy',45002),(348,'buy',50001),(349,'buy',32002),(350,'buy',45002),(351,'buy',50001),(352,'buy',32002),(353,'buy',45002),(354,'buy',50001),(355,'buy',32002),(356,'buy',45002),(357,'buy',50001),(358,'buy',32002),(359,'buy',45002),(360,'buy',50001),(361,'buy',32002),(362,'buy',45002),(363,'buy',50001),(364,'buy',32002),(365,'buy',45002),(366,'buy',50001),(367,'buy',32002),(368,'buy',45002),(369,'buy',50001),(370,'buy',32002),(371,'buy',45002),(372,'buy',50001),(373,'buy',32002),(374,'buy',45002),(375,'buy',50001),(376,'buy',32002),(377,'buy',45002),(378,'buy',50001),(379,'buy',32002),(380,'buy',45002),(381,'buy',50001),(382,'buy',32002),(383,'buy',45002),(384,'buy',50001),(385,'buy',32002),(386,'buy',45002),(387,'buy',50001),(388,'buy',32002),(389,'buy',45002),(390,'buy',50001),(391,'buy',32002),(392,'buy',45002),(393,'buy',50001),(394,'buy',32002),(395,'buy',45002),(396,'buy',50001),(397,'buy',32002),(398,'buy',45002),(399,'buy',50001),(400,'buy',32002),(401,'buy',45002),(402,'buy',50001),(403,'buy',32002),(404,'buy',45002),(405,'buy',50001),(406,'buy',32002),(407,'buy',45002),(408,'buy',50001),(409,'buy',32002),(410,'buy',45002),(411,'buy',50001),(412,'buy',32002),(413,'buy',45002),(414,'buy',50001),(415,'buy',32002),(416,'buy',45002),(417,'buy',50001),(418,'buy',32002),(419,'buy',45002),(420,'buy',50001),(421,'buy',32002),(422,'buy',45002),(423,'buy',50001),(424,'buy',32002),(425,'buy',45002),(426,'buy',50001),(427,'buy',32002),(428,'buy',45002),(429,'buy',50001),(430,'buy',32002),(431,'buy',45002),(432,'buy',50001),(433,'buy',32002),(434,'buy',45002),(435,'buy',50001),(436,'buy',32002),(437,'buy',45002),(438,'buy',50001),(439,'buy',32002),(440,'buy',45002),(441,'buy',50001),(442,'buy',32002),(443,'buy',45002),(444,'buy',50001),(445,'buy',32002),(446,'buy',45002),(447,'buy',50001),(448,'buy',32002),(449,'buy',45002),(450,'buy',50001),(451,'buy',32002),(452,'buy',45002),(453,'buy',50001),(454,'buy',32002),(455,'buy',45002),(456,'buy',50001),(457,'buy',32002),(458,'buy',45002),(459,'buy',50001),(460,'buy',32002),(461,'buy',45002),(462,'buy',50001),(463,'buy',32002),(464,'buy',45002),(465,'buy',50001),(466,'buy',32002),(467,'buy',45002),(468,'buy',50001),(469,'buy',32002),(470,'buy',45002),(471,'buy',50001),(472,'buy',32002),(473,'buy',45002),(474,'buy',50001),(475,'buy',32002),(476,'buy',45002),(477,'buy',50001),(478,'buy',32002),(479,'buy',45002),(480,'buy',50001),(481,'buy',32002),(482,'buy',45002),(483,'buy',50001),(484,'buy',32002),(485,'buy',45002),(486,'buy',50001),(487,'buy',32002),(488,'buy',45002),(489,'buy',50001),(490,'buy',32002),(491,'buy',45002),(492,'buy',50001),(493,'buy',32002),(494,'buy',45002),(495,'buy',50001),(496,'buy',32002),(497,'buy',45002),(498,'buy',50001),(499,'buy',32002),(500,'buy',45002),(501,'buy',50001),(502,'buy',32002),(503,'buy',45002),(504,'buy',50001),(505,'buy',32002),(506,'buy',45002),(507,'buy',50001),(508,'buy',32002),(509,'buy',45002),(510,'buy',50001),(511,'buy',32002),(512,'buy',45002),(513,'buy',50001),(514,'buy',32002),(515,'buy',45002),(516,'buy',50001),(517,'buy',32002),(518,'buy',45002),(519,'buy',50001),(520,'buy',32002),(521,'buy',45002),(522,'buy',50001),(523,'buy',32002),(524,'buy',45002),(525,'buy',50001),(526,'buy',32002),(527,'buy',45002),(528,'buy',50001),(529,'buy',32002),(530,'buy',45002),(531,'buy',50001),(532,'buy',32002),(533,'buy',45002),(534,'buy',50001),(535,'buy',32002),(536,'buy',45002),(537,'buy',50001),(538,'buy',32002),(539,'buy',45002),(540,'buy',50001),(541,'buy',32002),(542,'buy',45002),(543,'buy',50001),(544,'buy',32002),(545,'buy',45002),(546,'buy',50001),(547,'buy',32002),(548,'buy',45002),(549,'buy',50001),(550,'buy',32002),(551,'buy',45002),(552,'buy',50001),(553,'buy',32002),(554,'buy',45002),(555,'buy',50001),(556,'buy',32002),(557,'buy',45002),(558,'buy',50001),(559,'buy',32002),(560,'buy',45002),(561,'buy',50001),(562,'buy',32002),(563,'buy',45002),(564,'buy',50001),(565,'buy',32002),(566,'buy',45002),(567,'buy',50001),(568,'buy',32002),(569,'buy',45002),(570,'buy',50001),(571,'buy',32002),(572,'buy',45002),(573,'buy',50001),(574,'buy',32002),(575,'buy',45002),(576,'buy',50001),(577,'buy',32002),(578,'buy',45002),(579,'buy',50001),(580,'buy',32002),(581,'buy',45002),(582,'buy',50001),(583,'buy',32002),(584,'buy',45002),(585,'buy',50001),(586,'buy',32002),(587,'buy',45002),(588,'buy',50001),(589,'buy',32002),(590,'buy',45002),(591,'buy',50001),(592,'buy',32002),(593,'buy',45002),(594,'buy',50001),(595,'buy',32002),(596,'buy',45002),(597,'buy',50001),(598,'buy',32002),(599,'buy',45002),(600,'buy',50001),(601,'buy',32002),(602,'buy',45002),(603,'buy',50001),(604,'buy',32002),(605,'buy',45002),(606,'buy',50001),(607,'buy',32002),(608,'buy',45002),(609,'buy',50001),(610,'buy',32002),(611,'buy',45002),(612,'buy',50001),(613,'buy',32002),(614,'buy',45002),(615,'buy',50001),(616,'buy',32002),(617,'buy',45002),(618,'buy',50001),(619,'buy',32002),(620,'buy',45002),(621,'buy',50001),(622,'buy',32002),(623,'buy',45002),(624,'buy',50001),(625,'buy',32002),(626,'buy',45002),(627,'buy',50001),(628,'buy',32002),(629,'buy',45002),(630,'buy',50001),(631,'buy',32002),(632,'buy',45002),(633,'buy',50001),(634,'buy',32002),(635,'buy',45002),(636,'buy',50001),(637,'buy',32002),(638,'buy',45002),(639,'buy',50001),(640,'buy',32002),(641,'buy',45002),(642,'buy',50001),(643,'buy',32002),(644,'buy',45002),(645,'buy',50001),(646,'buy',32002),(647,'buy',45002),(648,'buy',50001),(649,'buy',32002),(650,'buy',45002),(651,'buy',50001),(652,'buy',32002),(653,'buy',45002),(654,'buy',50001),(655,'buy',32002),(656,'buy',45002),(657,'buy',50001),(658,'buy',32002),(659,'buy',45002),(660,'buy',50001),(661,'buy',32002),(662,'buy',45002),(663,'buy',50001),(664,'buy',32002),(665,'buy',45002),(666,'buy',50001),(667,'buy',32002),(668,'buy',45002),(669,'buy',50001),(670,'buy',32002),(671,'buy',45002),(672,'buy',50001),(673,'buy',32002),(674,'buy',45002),(675,'buy',50001),(676,'buy',32002),(677,'buy',45002),(678,'buy',50001),(679,'buy',32002),(680,'buy',45002),(681,'buy',50001),(682,'buy',32002),(683,'buy',45002),(684,'buy',50001),(685,'buy',32002),(686,'buy',45002),(687,'buy',50001),(688,'buy',32002),(689,'buy',45002),(690,'buy',50001),(691,'buy',32002),(692,'buy',45002),(693,'buy',50001),(694,'buy',32002),(695,'buy',45002),(696,'buy',50001),(697,'buy',32002),(698,'buy',45002),(699,'buy',50001),(700,'buy',32002),(701,'buy',45002),(702,'buy',50001),(703,'buy',32002),(704,'buy',45002),(705,'buy',50001),(706,'buy',32002),(707,'buy',45002),(708,'buy',50001),(709,'buy',32002),(710,'buy',45002),(711,'buy',50001),(712,'buy',32002),(713,'buy',45002),(714,'buy',50001),(715,'buy',32002),(716,'buy',45002),(717,'buy',50001),(718,'buy',32002),(719,'buy',45002),(720,'buy',50001),(721,'RECHARGE',200),(722,'buy',32002),(723,'buy',45002),(724,'buy',50001),(725,'buy',32002),(726,'buy',45002),(727,'buy',50001),(728,'buy',32002),(729,'buy',45002),(730,'buy',50001),(731,'buy',32002),(732,'buy',45002),(733,'buy',50001),(734,'buy',32002),(735,'buy',45002),(736,'buy',50001),(737,'buy',32002),(738,'buy',45002),(739,'buy',50001),(740,'buy',32002),(741,'buy',45002),(742,'buy',50001),(743,'buy',32002),(744,'buy',45002),(745,'buy',50001),(746,'buy',32002),(747,'buy',45002),(748,'buy',50001),(749,'buy',32002),(750,'buy',45002),(751,'buy',50001),(752,'buy',32002),(753,'buy',45002),(754,'buy',50001),(755,'buy',32002),(756,'buy',45002),(757,'buy',50001),(758,'buy',32002),(759,'buy',45002),(760,'buy',50001),(761,'buy',32002),(762,'buy',45002),(763,'buy',50001),(764,'buy',32002),(765,'buy',45002),(766,'buy',50001),(767,'buy',32002),(768,'buy',45002),(769,'buy',50001),(770,'buy',32002),(771,'buy',45002),(772,'buy',50001),(773,'buy',32002),(774,'buy',45002),(775,'buy',50001),(776,'buy',32002),(777,'buy',45002),(778,'buy',50001),(779,'buy',32002),(780,'buy',45002),(781,'buy',50001),(782,'buy',32002),(783,'buy',45002),(784,'buy',50001),(785,'buy',32002),(786,'buy',45002),(787,'buy',50001),(788,'buy',32002),(789,'buy',45002),(790,'buy',50001),(791,'buy',32002),(792,'buy',45002),(793,'buy',50001),(794,'buy',32002),(795,'buy',45002),(796,'buy',50001),(797,'buy',32002),(798,'buy',45002),(799,'buy',50001),(800,'buy',32002),(801,'buy',45002),(802,'buy',50001),(803,'buy',32002),(804,'buy',45002),(805,'buy',50001),(806,'buy',32002),(807,'buy',45002),(808,'buy',50001),(809,'buy',32002),(810,'buy',45002),(811,'buy',50001),(812,'buy',32002),(813,'buy',45002),(814,'buy',50001),(815,'buy',32002),(816,'buy',45002),(817,'buy',50001),(818,'buy',32002),(819,'buy',45002),(820,'buy',50001),(821,'buy',32002),(822,'buy',45002),(823,'buy',50001),(824,'buy',32002),(825,'buy',45002),(826,'buy',50001),(827,'buy',32002),(828,'buy',45002),(829,'buy',50001),(830,'buy',32002),(831,'buy',45002),(832,'buy',50001),(833,'buy',32002),(834,'buy',45002),(835,'buy',50001),(836,'buy',32002),(837,'buy',45002),(838,'buy',50001),(839,'buy',32002),(840,'buy',45002),(841,'buy',50001),(842,'buy',32002),(843,'buy',45002),(844,'buy',50001),(845,'buy',32002),(846,'buy',45002),(847,'buy',50001),(848,'buy',32002),(849,'buy',45002),(850,'buy',50001),(851,'buy',32002),(852,'buy',45002),(853,'buy',50001),(854,'buy',32002),(855,'buy',45002),(856,'buy',50001),(857,'buy',32002),(858,'buy',45002),(859,'buy',50001),(860,'buy',32002),(861,'buy',45002),(862,'buy',50001),(863,'buy',32002),(864,'buy',45002),(865,'buy',50001),(866,'buy',32002),(867,'buy',45002),(868,'buy',50001),(869,'buy',32002),(870,'buy',45002),(871,'buy',50001),(872,'buy',32002),(873,'buy',45002),(874,'buy',50001),(875,'buy',32002),(876,'buy',45002),(877,'buy',50001),(878,'buy',32002),(879,'buy',45002),(880,'buy',50001),(881,'buy',32002),(882,'buy',45002),(883,'buy',50001),(884,'buy',32002),(885,'buy',45002),(886,'buy',50001),(887,'buy',8900),(888,'buy',32002),(889,'buy',45002),(890,'buy',50001),(891,'buy',32002),(892,'buy',45002),(893,'buy',50001),(894,'buy',32002),(895,'buy',45002),(896,'buy',50001),(897,'buy',32002),(898,'buy',45002),(899,'buy',50001),(900,'buy',32002),(901,'buy',45002),(902,'buy',50001),(903,'buy',32002),(904,'buy',45002),(905,'buy',50001),(906,'buy',32002),(907,'buy',45002),(908,'buy',50001),(909,'buy',32002),(910,'buy',45002),(911,'buy',50001),(912,'buy',32002),(913,'buy',45002),(914,'buy',50001),(915,'buy',32002),(916,'buy',45002),(917,'buy',50001),(918,'buy',32002),(919,'buy',45002),(920,'buy',50001),(921,'buy',32002),(922,'buy',45002),(923,'buy',50001),(924,'buy',32002),(925,'buy',45002),(926,'buy',50001),(927,'buy',32002),(928,'buy',45002),(929,'buy',50001),(930,'buy',32002),(931,'buy',45002),(932,'buy',50001),(933,'buy',32002),(934,'buy',45002),(935,'buy',50001),(936,'buy',32002),(937,'buy',45002),(938,'buy',50001),(939,'buy',32002),(940,'buy',45002),(941,'buy',50001),(942,'buy',32002),(943,'buy',45002),(944,'buy',50001),(945,'buy',32002),(946,'buy',45002),(947,'buy',50001),(948,'buy',32002),(949,'buy',45002),(950,'buy',50001),(951,'buy',32002),(952,'buy',45002),(953,'buy',50001),(954,'buy',32002),(955,'buy',45002),(956,'buy',50001),(957,'buy',32002),(958,'buy',45002),(959,'buy',50001),(960,'buy',32002),(961,'buy',45002),(962,'buy',50001),(963,'buy',32002),(964,'buy',45002),(965,'buy',50001),(966,'buy',32002),(967,'buy',45002),(968,'buy',50001),(969,'buy',32002),(970,'buy',45002),(971,'buy',50001),(972,'buy',32002),(973,'buy',45002),(974,'buy',50001),(975,'buy',32002),(976,'buy',45002),(977,'buy',50001),(978,'buy',32002),(979,'buy',45002),(980,'buy',50001),(981,'buy',32002),(982,'buy',45002),(983,'buy',50001),(984,'buy',32002),(985,'buy',45002),(986,'buy',50001),(987,'buy',32002),(988,'buy',45002),(989,'buy',50001),(990,'buy',32002),(991,'buy',45002),(992,'buy',50001),(993,'buy',32002),(994,'buy',45002),(995,'buy',50001),(996,'buy',32002),(997,'buy',45002),(998,'buy',50001),(999,'buy',32002),(1000,'buy',45002),(1001,'buy',50001),(1002,'buy',32002),(1003,'buy',45002),(1004,'buy',50001),(1005,'buy',32002),(1006,'buy',45002),(1007,'buy',50001),(1008,'buy',32002),(1009,'buy',45002),(1010,'buy',50001),(1011,'buy',32002),(1012,'buy',45002),(1013,'buy',50001),(1014,'buy',32002),(1015,'buy',45002),(1016,'buy',50001),(1017,'buy',32002),(1018,'buy',45002),(1019,'buy',50001),(1020,'buy',32002),(1021,'buy',45002),(1022,'buy',50001),(1023,'buy',32002),(1024,'buy',45002),(1025,'buy',50001),(1026,'buy',32002),(1027,'buy',45002),(1028,'buy',50001),(1029,'buy',32002),(1030,'buy',45002),(1031,'buy',50001),(1032,'buy',32002),(1033,'buy',45002),(1034,'buy',50001),(1035,'buy',32002),(1036,'buy',45002),(1037,'buy',50001),(1038,'buy',32002),(1039,'buy',45002),(1040,'buy',50001),(1041,'buy',32002),(1042,'buy',45002),(1043,'buy',50001),(1044,'buy',32002),(1045,'buy',45002),(1046,'buy',50001),(1047,'buy',32002),(1048,'buy',45002),(1049,'buy',50001),(1050,'buy',32002),(1051,'buy',45002),(1052,'buy',50001),(1053,'buy',32002),(1054,'buy',45002),(1055,'buy',50001),(1056,'buy',32002),(1057,'buy',45002),(1058,'buy',50001),(1059,'buy',32002),(1060,'buy',45002),(1061,'buy',50001),(1062,'buy',32002),(1063,'buy',45002),(1064,'buy',50001),(1065,'buy',32002),(1066,'buy',45002),(1067,'buy',50001),(1068,'buy',32002),(1069,'buy',45002),(1070,'buy',50001),(1071,'buy',32002),(1072,'buy',45002),(1073,'buy',50001),(1074,'buy',32002),(1075,'buy',45002),(1076,'buy',50001),(1077,'buy',32002),(1078,'buy',45002),(1079,'buy',50001),(1080,'buy',32002),(1081,'buy',45002),(1082,'buy',50001),(1083,'buy',32002),(1084,'buy',45002),(1085,'buy',50001),(1086,'buy',32002),(1087,'buy',45002),(1088,'buy',50001),(1089,'buy',32002),(1090,'buy',45002),(1091,'buy',50001),(1092,'buy',32002),(1093,'buy',45002),(1094,'buy',50001),(1095,'buy',32002),(1096,'buy',45002),(1097,'buy',50001),(1098,'buy',32002),(1099,'buy',45002),(1100,'buy',50001),(1101,'RECHARGE',10000),(1102,'buy',8900),(1103,'buy',340),(1104,'RECHARGE',20000),(1105,'buy',550);
/*!40000 ALTER TABLE `global_controller_transaction` ENABLE KEYS */;
UNLOCK TABLES;

--
-- Table structure for table `global_controller_user`
--

DROP TABLE IF EXISTS `global_controller_user`;
/*!40101 SET @saved_cs_client     = @@character_set_client */;
/*!50503 SET character_set_client = utf8mb4 */;
CREATE TABLE `global_controller_user` (
  `username` varchar(100) NOT NULL,
  `password` varchar(30) NOT NULL,
  `user_type_id` bigint NOT NULL,
  PRIMARY KEY (`username`),
  KEY `global_controller_us_user_type_id_88b0762c_fk_global_co` (`user_type_id`),
  CONSTRAINT `global_controller_us_user_type_id_88b0762c_fk_global_co` FOREIGN KEY (`user_type_id`) REFERENCES `global_controller_usertype` (`id`)
) ENGINE=InnoDB DEFAULT CHARSET=utf8mb4 COLLATE=utf8mb4_0900_ai_ci;
/*!40101 SET character_set_client = @saved_cs_client */;

--
-- Dumping data for table `global_controller_user`
--

LOCK TABLES `global_controller_user` WRITE;
/*!40000 ALTER TABLE `global_controller_user` DISABLE KEYS */;
INSERT INTO `global_controller_user` VALUES ('','',4),('101','irshad',1),('102','abrar',1),('103','nafiz',1),('104','tushar',1),('201','nasif',4),('202','shibly',4),('203','shuvo',4),('204','tushar',4),('210','tushar',4),('301','nazmul',2),('302','ghatak',2),('401','kamal',3),('402','dhrubo',3),('403','mofiz',3),('404','zahin',3),('irshad','irshad',1);
/*!40000 ALTER TABLE `global_controller_user` ENABLE KEYS */;
UNLOCK TABLES;

--
-- Table structure for table `global_controller_usertype`
--

DROP TABLE IF EXISTS `global_controller_usertype`;
/*!40101 SET @saved_cs_client     = @@character_set_client */;
/*!50503 SET character_set_client = utf8mb4 */;
CREATE TABLE `global_controller_usertype` (
  `id` bigint NOT NULL AUTO_INCREMENT,
  `type` varchar(20) NOT NULL,
  PRIMARY KEY (`id`)
) ENGINE=InnoDB AUTO_INCREMENT=5 DEFAULT CHARSET=utf8mb4 COLLATE=utf8mb4_0900_ai_ci;
/*!40101 SET character_set_client = @saved_cs_client */;

--
-- Dumping data for table `global_controller_usertype`
--

LOCK TABLES `global_controller_usertype` WRITE;
/*!40000 ALTER TABLE `global_controller_usertype` DISABLE KEYS */;
INSERT INTO `global_controller_usertype` VALUES (1,'customer'),(2,'employee'),(3,'deliveryman'),(4,'seller');
/*!40000 ALTER TABLE `global_controller_usertype` ENABLE KEYS */;
UNLOCK TABLES;
/*!40103 SET TIME_ZONE=@OLD_TIME_ZONE */;

/*!40101 SET SQL_MODE=@OLD_SQL_MODE */;
/*!40014 SET FOREIGN_KEY_CHECKS=@OLD_FOREIGN_KEY_CHECKS */;
/*!40014 SET UNIQUE_CHECKS=@OLD_UNIQUE_CHECKS */;
/*!40101 SET CHARACTER_SET_CLIENT=@OLD_CHARACTER_SET_CLIENT */;
/*!40101 SET CHARACTER_SET_RESULTS=@OLD_CHARACTER_SET_RESULTS */;
/*!40101 SET COLLATION_CONNECTION=@OLD_COLLATION_CONNECTION */;
/*!40111 SET SQL_NOTES=@OLD_SQL_NOTES */;

-- Dump completed on 2022-08-29 14:00:18
